-- phpMyAdmin SQL Dump
-- version 5.2.0
-- https://www.phpmyadmin.net/
--
-- Host: localhost
-- Generation Time: Jan 29, 2023 at 02:23 PM
-- Server version: 10.4.27-MariaDB
-- PHP Version: 8.0.25

SET SQL_MODE = "NO_AUTO_VALUE_ON_ZERO";
START TRANSACTION;
SET time_zone = "+00:00";


/*!40101 SET @OLD_CHARACTER_SET_CLIENT=@@CHARACTER_SET_CLIENT */;
/*!40101 SET @OLD_CHARACTER_SET_RESULTS=@@CHARACTER_SET_RESULTS */;
/*!40101 SET @OLD_COLLATION_CONNECTION=@@COLLATION_CONNECTION */;
/*!40101 SET NAMES utf8mb4 */;

--
-- Database: `Dormitory`
--

-- --------------------------------------------------------

--
-- Table structure for table `Administrators`
--

CREATE TABLE `Administrators` (
  `Username` varchar(36) NOT NULL,
  `Password` varchar(36) NOT NULL,
  `Name` text DEFAULT NULL,
  `PhoneNumber` varchar(11) DEFAULT NULL
) ENGINE=InnoDB DEFAULT CHARSET=utf8 COLLATE=utf8_vietnamese_ci;

--
-- Dumping data for table `Administrators`
--

INSERT INTO `Administrators` (`Username`, `Password`, `Name`, `PhoneNumber`) VALUES
('bit0_programmer', 'BaoNhan123', NULL, NULL);

-- --------------------------------------------------------

--
-- Table structure for table `Buildings`
--

CREATE TABLE `Buildings` (
  `BuildingID` varchar(2) NOT NULL,
  `Name` text NOT NULL
) ENGINE=InnoDB DEFAULT CHARSET=utf8 COLLATE=utf8_vietnamese_ci;

--
-- Dumping data for table `Buildings`
--

INSERT INTO `Buildings` (`BuildingID`, `Name`) VALUES
('1', 'Dãy 1'),
('2', 'Dãy 2'),
('3', 'Dãy 3'),
('dv', 'Dãy dịch vụ');

-- --------------------------------------------------------

--
-- Stand-in structure for view `EmptyRoom`
-- (See below for the actual view)
--
CREATE TABLE `EmptyRoom` (
`RoomNumber` int(11)
,`BuildingID` varchar(2)
,`EmptySlot` bigint(22)
);

-- --------------------------------------------------------

--
-- Stand-in structure for view `InNow`
-- (See below for the actual view)
--
CREATE TABLE `InNow` (
`Number` int(11)
,`StudentEmail` varchar(100)
,`RoomID` int(11)
,`Begin` date
,`End` date
,`AdConfirm` tinyint(1)
);

-- --------------------------------------------------------

--
-- Table structure for table `Registrations`
--

CREATE TABLE `Registrations` (
  `Number` int(11) NOT NULL,
  `StudentEmail` varchar(100) NOT NULL,
  `RoomID` int(11) NOT NULL,
  `Begin` date NOT NULL,
  `End` date NOT NULL,
  `AdConfirm` tinyint(1) NOT NULL DEFAULT 0
) ENGINE=InnoDB DEFAULT CHARSET=utf8 COLLATE=utf8_vietnamese_ci;

--
-- Dumping data for table `Registrations`
--

INSERT INTO `Registrations` (`Number`, `StudentEmail`, `RoomID`, `Begin`, `End`, `AdConfirm`) VALUES
(1, 'ands@smp.udn.vn', 1, '2022-11-30', '2023-02-28', 1),
(3, 'anbh.22it@vku.udn.vn', 1, '2022-11-30', '2023-02-28', 1);

-- --------------------------------------------------------

--
-- Stand-in structure for view `RoomList`
-- (See below for the actual view)
--
CREATE TABLE `RoomList` (
`RoomNumber` int(11)
,`Type` int(1)
,`Gender` tinyint(1)
,`Name` text
,`EmptySlot` bigint(22)
,`BuildingID` varchar(2)
);

-- --------------------------------------------------------

--
-- Table structure for table `Rooms`
--

CREATE TABLE `Rooms` (
  `RoomID` int(11) NOT NULL,
  `RoomNumber` int(11) NOT NULL,
  `Type` int(1) NOT NULL,
  `Gender` tinyint(1) NOT NULL COMMENT '0: Nam,1: Nữ',
  `BuildingID` varchar(2) NOT NULL
) ENGINE=InnoDB DEFAULT CHARSET=utf8 COLLATE=utf8_vietnamese_ci;

--
-- Dumping data for table `Rooms`
--

INSERT INTO `Rooms` (`RoomID`, `RoomNumber`, `Type`, `Gender`, `BuildingID`) VALUES
(1, 201, 3, 1, 'dv'),
(2, 202, 3, 1, 'dv'),
(3, 203, 3, 1, 'dv'),
(4, 204, 3, 1, 'dv'),
(5, 205, 3, 1, 'dv'),
(6, 206, 3, 1, 'dv'),
(7, 207, 3, 1, 'dv'),
(8, 208, 3, 1, 'dv'),
(9, 209, 3, 1, 'dv'),
(10, 210, 3, 1, 'dv'),
(11, 211, 3, 1, 'dv'),
(12, 212, 3, 1, 'dv'),
(13, 213, 3, 1, 'dv'),
(14, 214, 3, 1, 'dv'),
(15, 215, 3, 1, 'dv'),
(16, 216, 3, 1, 'dv'),
(17, 301, 3, 0, 'dv'),
(18, 302, 3, 0, 'dv'),
(19, 303, 3, 0, 'dv'),
(20, 304, 3, 0, 'dv'),
(21, 305, 3, 0, 'dv'),
(22, 306, 3, 0, 'dv'),
(23, 307, 3, 0, 'dv'),
(24, 308, 3, 0, 'dv'),
(25, 309, 3, 0, 'dv'),
(26, 310, 3, 0, 'dv'),
(27, 311, 3, 0, 'dv'),
(28, 312, 3, 0, 'dv'),
(29, 313, 3, 0, 'dv'),
(30, 314, 3, 0, 'dv'),
(31, 315, 3, 0, 'dv'),
(32, 316, 3, 0, 'dv'),
(33, 101, 8, 1, '1'),
(34, 102, 8, 1, '1'),
(35, 103, 8, 1, '1'),
(36, 104, 8, 1, '1'),
(37, 105, 8, 1, '1'),
(38, 106, 8, 1, '1'),
(39, 107, 8, 1, '1'),
(40, 108, 8, 1, '1'),
(41, 109, 8, 1, '1'),
(42, 110, 8, 1, '1'),
(43, 111, 8, 1, '1'),
(44, 112, 8, 1, '1'),
(45, 113, 8, 1, '1'),
(46, 114, 8, 1, '1'),
(47, 201, 8, 1, '1'),
(48, 202, 8, 1, '1'),
(49, 203, 8, 1, '1'),
(50, 204, 8, 1, '1'),
(51, 205, 8, 1, '1'),
(52, 206, 8, 1, '1'),
(53, 207, 8, 1, '1'),
(54, 208, 8, 1, '1'),
(55, 209, 8, 1, '1'),
(56, 210, 8, 1, '1'),
(57, 211, 8, 1, '1'),
(58, 212, 8, 1, '1'),
(59, 213, 8, 1, '1'),
(60, 214, 8, 1, '1'),
(61, 215, 8, 1, '1'),
(62, 216, 8, 1, '1'),
(63, 217, 8, 1, '1'),
(64, 218, 8, 1, '1'),
(65, 219, 8, 1, '1'),
(66, 220, 8, 1, '1'),
(67, 221, 8, 1, '1'),
(68, 222, 8, 1, '1'),
(69, 223, 8, 1, '1'),
(70, 224, 8, 1, '1'),
(71, 225, 8, 1, '1'),
(72, 226, 8, 1, '1'),
(73, 227, 8, 1, '1'),
(74, 228, 8, 1, '1'),
(75, 229, 8, 1, '1'),
(76, 230, 8, 1, '1'),
(77, 231, 8, 1, '1'),
(78, 232, 8, 1, '1'),
(79, 301, 8, 1, '1'),
(80, 302, 8, 1, '1'),
(81, 303, 8, 1, '1'),
(82, 304, 8, 1, '1'),
(83, 305, 8, 1, '1'),
(84, 306, 8, 1, '1'),
(85, 307, 8, 1, '1'),
(86, 308, 8, 1, '1'),
(87, 309, 8, 1, '1'),
(88, 310, 8, 1, '1'),
(89, 311, 8, 1, '1'),
(90, 312, 8, 1, '1'),
(91, 313, 8, 1, '1'),
(92, 314, 8, 1, '1'),
(93, 315, 8, 1, '1'),
(94, 316, 8, 1, '1'),
(95, 317, 8, 1, '1'),
(96, 318, 8, 1, '1'),
(97, 319, 8, 1, '1'),
(98, 320, 8, 1, '1'),
(99, 321, 8, 1, '1'),
(100, 322, 8, 1, '1'),
(101, 323, 8, 1, '1'),
(102, 324, 8, 1, '1'),
(103, 325, 8, 1, '1'),
(104, 326, 8, 1, '1'),
(105, 327, 8, 1, '1'),
(106, 328, 8, 1, '1'),
(107, 329, 8, 1, '1'),
(108, 330, 8, 1, '1'),
(109, 331, 8, 1, '1'),
(110, 332, 8, 1, '1'),
(111, 401, 8, 1, '1'),
(112, 402, 8, 1, '1'),
(113, 403, 8, 1, '1'),
(114, 404, 8, 1, '1'),
(115, 405, 8, 1, '1'),
(116, 406, 8, 1, '1'),
(117, 407, 8, 1, '1'),
(118, 408, 8, 1, '1'),
(119, 409, 8, 1, '1'),
(120, 410, 8, 1, '1'),
(121, 411, 8, 1, '1'),
(122, 412, 8, 1, '1'),
(123, 413, 8, 1, '1'),
(124, 414, 8, 1, '1'),
(125, 415, 8, 1, '1'),
(126, 416, 8, 1, '1'),
(127, 417, 8, 1, '1'),
(128, 418, 8, 1, '1'),
(129, 419, 8, 1, '1'),
(130, 420, 8, 1, '1'),
(131, 421, 8, 1, '1'),
(132, 422, 8, 1, '1'),
(133, 423, 8, 1, '1'),
(134, 424, 8, 1, '1'),
(135, 425, 8, 1, '1'),
(136, 426, 8, 1, '1'),
(137, 427, 8, 1, '1'),
(138, 428, 8, 1, '1'),
(139, 429, 8, 1, '1'),
(140, 430, 8, 1, '1'),
(141, 431, 8, 1, '1'),
(142, 432, 8, 1, '1'),
(143, 501, 8, 1, '1'),
(144, 502, 8, 1, '1'),
(145, 503, 8, 1, '1'),
(146, 504, 8, 1, '1'),
(147, 505, 8, 1, '1'),
(148, 506, 8, 1, '1'),
(149, 507, 8, 1, '1'),
(150, 508, 8, 1, '1'),
(151, 509, 8, 1, '1'),
(152, 510, 8, 1, '1'),
(153, 511, 8, 1, '1'),
(154, 512, 8, 1, '1'),
(155, 513, 8, 1, '1'),
(156, 514, 8, 1, '1'),
(157, 515, 8, 1, '1'),
(158, 516, 8, 1, '1'),
(159, 517, 8, 1, '1'),
(160, 518, 8, 1, '1'),
(161, 519, 8, 1, '1'),
(162, 520, 8, 1, '1'),
(163, 521, 8, 1, '1'),
(164, 522, 8, 1, '1'),
(165, 523, 8, 1, '1'),
(166, 524, 8, 1, '1'),
(167, 525, 8, 1, '1'),
(168, 526, 8, 1, '1'),
(169, 527, 8, 1, '1'),
(170, 528, 8, 1, '1'),
(171, 529, 8, 1, '1'),
(172, 530, 8, 1, '1'),
(173, 531, 8, 1, '1'),
(174, 532, 8, 1, '1'),
(175, 101, 8, 0, '2'),
(176, 102, 8, 0, '2'),
(177, 103, 8, 0, '2'),
(178, 104, 8, 0, '2'),
(179, 105, 8, 0, '2'),
(180, 106, 8, 0, '2'),
(181, 107, 8, 0, '2'),
(182, 108, 8, 0, '2'),
(183, 109, 8, 0, '2'),
(184, 110, 8, 0, '2'),
(185, 111, 8, 0, '2'),
(186, 112, 8, 0, '2'),
(187, 113, 8, 0, '2'),
(188, 114, 8, 0, '2'),
(189, 201, 8, 0, '2'),
(190, 202, 8, 0, '2'),
(191, 203, 8, 0, '2'),
(192, 204, 8, 0, '2'),
(193, 205, 8, 0, '2'),
(194, 206, 8, 0, '2'),
(195, 207, 8, 0, '2'),
(196, 208, 8, 0, '2'),
(197, 209, 8, 0, '2'),
(198, 210, 8, 0, '2'),
(199, 211, 8, 0, '2'),
(200, 212, 8, 0, '2'),
(201, 213, 8, 0, '2'),
(202, 214, 8, 0, '2'),
(203, 215, 8, 0, '2'),
(204, 216, 8, 0, '2'),
(205, 217, 8, 0, '2'),
(206, 218, 8, 0, '2'),
(207, 219, 8, 0, '2'),
(208, 220, 8, 0, '2'),
(209, 221, 8, 0, '2'),
(210, 222, 8, 0, '2'),
(211, 223, 8, 0, '2'),
(212, 224, 8, 0, '2'),
(213, 225, 8, 0, '2'),
(214, 226, 8, 0, '2'),
(215, 227, 8, 0, '2'),
(216, 228, 8, 0, '2'),
(217, 229, 8, 0, '2'),
(218, 230, 8, 0, '2'),
(219, 231, 8, 0, '2'),
(220, 232, 8, 0, '2'),
(221, 301, 8, 0, '2'),
(222, 302, 8, 0, '2'),
(223, 303, 8, 0, '2'),
(224, 304, 8, 0, '2'),
(225, 305, 8, 0, '2'),
(226, 306, 8, 0, '2'),
(227, 307, 8, 0, '2'),
(228, 308, 8, 0, '2'),
(229, 309, 8, 0, '2'),
(230, 310, 8, 0, '2'),
(231, 311, 8, 0, '2'),
(232, 312, 8, 0, '2'),
(233, 313, 8, 0, '2'),
(234, 314, 8, 0, '2'),
(235, 315, 8, 0, '2'),
(236, 316, 8, 0, '2'),
(237, 317, 8, 0, '2'),
(238, 318, 8, 0, '2'),
(239, 319, 8, 0, '2'),
(240, 320, 8, 0, '2'),
(241, 321, 8, 0, '2'),
(242, 322, 8, 0, '2'),
(243, 323, 8, 0, '2'),
(244, 324, 8, 0, '2'),
(245, 325, 8, 0, '2'),
(246, 326, 8, 0, '2'),
(247, 327, 8, 0, '2'),
(248, 328, 8, 0, '2'),
(249, 329, 8, 0, '2'),
(250, 330, 8, 0, '2'),
(251, 331, 8, 0, '2'),
(252, 332, 8, 0, '2'),
(253, 401, 8, 0, '2'),
(254, 402, 8, 0, '2'),
(255, 403, 8, 0, '2'),
(256, 404, 8, 0, '2'),
(257, 405, 8, 0, '2'),
(258, 406, 8, 0, '2'),
(259, 407, 8, 0, '2'),
(260, 408, 8, 0, '2'),
(261, 409, 8, 0, '2'),
(262, 410, 8, 0, '2'),
(263, 411, 8, 0, '2'),
(264, 412, 8, 0, '2'),
(265, 413, 8, 0, '2'),
(266, 414, 8, 0, '2'),
(267, 415, 8, 0, '2'),
(268, 416, 8, 0, '2'),
(269, 417, 8, 0, '2'),
(270, 418, 8, 0, '2'),
(271, 419, 8, 0, '2'),
(272, 420, 8, 0, '2'),
(273, 421, 8, 0, '2'),
(274, 422, 8, 0, '2'),
(275, 423, 8, 0, '2'),
(276, 424, 8, 0, '2'),
(277, 425, 8, 0, '2'),
(278, 426, 8, 0, '2'),
(279, 427, 8, 0, '2'),
(280, 428, 8, 0, '2'),
(281, 429, 8, 0, '2'),
(282, 430, 8, 0, '2'),
(283, 431, 8, 0, '2'),
(284, 432, 8, 0, '2'),
(285, 501, 8, 0, '2'),
(286, 502, 8, 0, '2'),
(287, 503, 8, 0, '2'),
(288, 504, 8, 0, '2'),
(289, 505, 8, 0, '2'),
(290, 506, 8, 0, '2'),
(291, 507, 8, 0, '2'),
(292, 508, 8, 0, '2'),
(293, 509, 8, 0, '2'),
(294, 510, 8, 0, '2'),
(295, 511, 8, 0, '2'),
(296, 512, 8, 0, '2'),
(297, 513, 8, 0, '2'),
(298, 514, 8, 0, '2'),
(299, 515, 8, 0, '2'),
(300, 516, 8, 0, '2'),
(301, 517, 8, 0, '2'),
(302, 518, 8, 0, '2'),
(303, 519, 8, 0, '2'),
(304, 520, 8, 0, '2'),
(305, 521, 8, 0, '2'),
(306, 522, 8, 0, '2'),
(307, 523, 8, 0, '2'),
(308, 524, 8, 0, '2'),
(309, 525, 8, 0, '2'),
(310, 526, 8, 0, '2'),
(311, 527, 8, 0, '2'),
(312, 528, 8, 0, '2'),
(313, 529, 8, 0, '2'),
(314, 530, 8, 0, '2'),
(315, 531, 8, 0, '2'),
(316, 532, 8, 0, '2'),
(317, 201, 6, 1, '3'),
(318, 202, 6, 1, '3'),
(319, 203, 6, 1, '3'),
(320, 204, 6, 1, '3'),
(321, 205, 6, 1, '3'),
(322, 206, 6, 1, '3'),
(323, 207, 6, 1, '3'),
(324, 208, 6, 1, '3'),
(325, 209, 6, 1, '3'),
(326, 210, 6, 1, '3'),
(327, 211, 6, 1, '3'),
(328, 212, 6, 1, '3'),
(329, 213, 6, 1, '3'),
(330, 214, 4, 1, '3'),
(331, 215, 4, 1, '3'),
(332, 216, 4, 1, '3'),
(333, 217, 4, 1, '3'),
(334, 218, 4, 1, '3'),
(335, 219, 4, 1, '3'),
(336, 220, 4, 1, '3'),
(337, 221, 4, 1, '3'),
(338, 222, 4, 1, '3'),
(339, 223, 4, 1, '3'),
(340, 224, 4, 1, '3'),
(341, 225, 4, 1, '3'),
(342, 226, 4, 1, '3'),
(343, 227, 4, 1, '3'),
(344, 228, 4, 1, '3'),
(345, 229, 4, 1, '3'),
(346, 230, 4, 1, '3'),
(347, 231, 4, 1, '3'),
(348, 232, 4, 1, '3'),
(349, 301, 6, 0, '3'),
(350, 302, 6, 0, '3'),
(351, 303, 6, 0, '3'),
(352, 304, 6, 0, '3'),
(353, 305, 6, 0, '3'),
(354, 306, 6, 0, '3'),
(355, 307, 6, 0, '3'),
(356, 308, 6, 0, '3'),
(357, 309, 6, 0, '3'),
(358, 310, 6, 0, '3'),
(359, 311, 6, 0, '3'),
(360, 312, 6, 0, '3'),
(361, 313, 6, 0, '3'),
(362, 314, 6, 0, '3'),
(363, 315, 6, 0, '3'),
(364, 316, 6, 0, '3'),
(365, 317, 4, 0, '3'),
(366, 318, 4, 0, '3'),
(367, 319, 4, 0, '3'),
(368, 320, 4, 0, '3'),
(369, 321, 4, 0, '3'),
(370, 322, 4, 0, '3'),
(371, 323, 4, 0, '3'),
(372, 324, 4, 0, '3'),
(373, 325, 4, 0, '3'),
(374, 326, 4, 0, '3'),
(375, 327, 4, 0, '3'),
(376, 328, 4, 0, '3'),
(377, 329, 4, 0, '3'),
(378, 330, 4, 0, '3'),
(379, 331, 4, 0, '3'),
(380, 332, 4, 0, '3'),
(381, 401, 6, 1, '3'),
(382, 402, 6, 1, '3'),
(383, 403, 6, 1, '3'),
(384, 404, 6, 1, '3'),
(385, 405, 6, 1, '3'),
(386, 406, 6, 1, '3'),
(387, 407, 6, 1, '3'),
(388, 408, 6, 1, '3'),
(389, 409, 6, 1, '3'),
(390, 410, 6, 1, '3'),
(391, 411, 6, 1, '3'),
(392, 412, 6, 1, '3'),
(393, 413, 6, 1, '3'),
(394, 414, 6, 1, '3'),
(395, 415, 6, 1, '3'),
(396, 416, 6, 1, '3'),
(397, 417, 6, 1, '3'),
(398, 418, 6, 1, '3'),
(399, 419, 4, 1, '3'),
(400, 420, 4, 1, '3'),
(401, 421, 4, 1, '3'),
(402, 422, 4, 1, '3'),
(403, 423, 4, 1, '3'),
(404, 424, 4, 1, '3'),
(405, 425, 4, 1, '3'),
(406, 426, 4, 1, '3'),
(407, 427, 4, 1, '3'),
(408, 428, 4, 1, '3'),
(409, 429, 4, 1, '3'),
(410, 430, 4, 1, '3'),
(411, 431, 4, 1, '3'),
(412, 432, 4, 1, '3'),
(413, 501, 6, 0, '3'),
(414, 502, 6, 0, '3'),
(415, 503, 6, 0, '3'),
(416, 504, 6, 0, '3'),
(417, 505, 6, 0, '3'),
(418, 506, 6, 0, '3'),
(419, 507, 6, 0, '3'),
(420, 508, 4, 0, '3'),
(421, 509, 4, 0, '3'),
(422, 510, 4, 0, '3'),
(423, 511, 4, 0, '3'),
(424, 512, 4, 0, '3'),
(425, 513, 4, 0, '3'),
(426, 514, 4, 0, '3'),
(427, 515, 4, 0, '3'),
(428, 516, 4, 0, '3'),
(429, 517, 4, 0, '3'),
(430, 518, 4, 0, '3'),
(431, 519, 4, 0, '3'),
(432, 520, 4, 0, '3'),
(433, 521, 4, 0, '3'),
(434, 522, 4, 0, '3'),
(435, 523, 4, 0, '3'),
(436, 524, 4, 0, '3'),
(437, 525, 4, 0, '3'),
(438, 526, 4, 0, '3'),
(439, 527, 4, 0, '3'),
(440, 528, 4, 0, '3'),
(441, 529, 4, 0, '3'),
(442, 530, 4, 0, '3'),
(443, 531, 4, 0, '3'),
(444, 532, 4, 0, '3');

-- --------------------------------------------------------

--
-- Table structure for table `Schools`
--

CREATE TABLE `Schools` (
  `SchoolID` varchar(4) NOT NULL,
  `SchoolName` text NOT NULL
) ENGINE=InnoDB DEFAULT CHARSET=utf8 COLLATE=utf8_vietnamese_ci;

--
-- Dumping data for table `Schools`
--

INSERT INTO `Schools` (`SchoolID`, `SchoolName`) VALUES
('SMP', 'Khoa Y Dược - Đại Học Đà Nẵng'),
('VKU', 'Trường Đại Học Công Nghệ Thông Tin Và Truyền Thông Việt Hàn - Đại Học Đà Nẵng');

-- --------------------------------------------------------

--
-- Table structure for table `Students`
--

CREATE TABLE `Students` (
  `StudentEmail` varchar(100) NOT NULL,
  `Password` varchar(32) NOT NULL,
  `Name` text NOT NULL,
  `PhoneNumber` varchar(11) NOT NULL,
  `Gender` bit(1) NOT NULL COMMENT '0:Nam,1:Nữ',
  `SchoolID` varchar(4) NOT NULL
) ENGINE=InnoDB DEFAULT CHARSET=utf8 COLLATE=utf8_vietnamese_ci;

--
-- Dumping data for table `Students`
--

INSERT INTO `Students` (`StudentEmail`, `Password`, `Name`, `PhoneNumber`, `Gender`, `SchoolID`) VALUES
('anbh.22it@vku.udn.vn', 'Vkuudn2022', 'Bùi Hào An', '07403125709', b'1', 'VKU'),
('anbn.22it@vku.udn.vn', 'Vkuudn2022', 'Bùi Nguyệt Ân', '08431394436', b'1', 'VKU'),
('anbt.22it@vku.udn.vn', 'Vkuudn2022', 'Bùi Trung Ân', '07442465420', b'1', 'VKU'),
('and.22it@vku.udn.vn', 'Vkuudn2022', 'Di Ân', '06200130495', b'1', 'VKU'),
('andd.22it@vku.udn.vn', 'Vkuudn2022', 'Dương Dương Ân', '07774034671', b'1', 'VKU'),
('andk.22git@vku.udn.vn', 'Vkuudn2022', 'Dương Khánh Ân', '02459225014', b'1', 'VKU'),
('andq.22it@vku.udn.vn', 'Vkuudn2022', 'Đỗ Quân An', '05442658729', b'1', 'VKU'),
('ands@smp.udn.vn', 'Smpudn2022', 'Đặng Sang Ân', '09847790031', b'1', 'SMP'),
('andv.22it@vku.udn.vn', 'Vkuudn2022', 'Đặng Vỹ Ân', '06743366837', b'1', 'VKU'),
('anhda.22it@vku.udn.vn', 'Vkuudn2022', 'Dương Ánh Ánh', '05860585521', b'1', 'VKU'),
('anhdh.22ba@vku.udn.vn', 'Vkuudn2022', 'Dương Hiếu Ánh', '00966422040', b'1', 'VKU'),
('anhdn.22ba@vku.udn.vn', 'Vkuudn2022', 'Đặng Nguyệt Anh', '00266443758', b'1', 'VKU'),
('anhdt.22it@vku.udn.vn', 'Vkuudn2022', 'Dương Tuyết Ánh', '04694957219', b'1', 'VKU'),
('anhdv.22it@vku.udn.vn', 'Vkuudn2022', 'Đỗ Vĩ Ánh', '09721272470', b'1', 'VKU'),
('anhh.22gba@vku.udn.vn', 'Vkuudn2022', 'Hồ Hà An', '07330603332', b'1', 'VKU'),
('anhhb.22it@vku.udn.vn', 'Vkuudn2022', 'Hoàng Băng Ánh', '07829401391', b'1', 'VKU'),
('anhht.22it@vku.udn.vn', 'Vkuudn2022', 'Hoàng Tâm Anh', '03158188267', b'1', 'VKU'),
('anhhv.22gba@vku.udn.vn', 'Vkuudn2022', 'Huỳnh Vương Ánh', '03355827187', b'1', 'VKU'),
('anhhv.22it@vku.udn.vn', 'Vkuudn2022', 'Huỳnh Văn Anh', '02726284402', b'1', 'VKU'),
('anhn.22it@vku.udn.vn', 'Vkuudn2022', 'Huỳnh Ngọc Ân', '07608352710', b'1', 'VKU'),
('anhnb.22it@vku.udn.vn', 'Vkuudn2022', 'Ngô Băng Ánh', '06300079838', b'1', 'VKU'),
('anhnd@smp.udn.vn', 'Smpudn2022', 'Ngô Dương Anh', '05694909765', b'1', 'SMP'),
('anhnl.22gba@vku.udn.vn', 'Vkuudn2022', 'Ngô Luân Anh', '06561555262', b'1', 'VKU'),
('anhnt.22it@vku.udn.vn', 'Vkuudn2022', 'Ngô Tú Ánh', '08860857533', b'1', 'VKU'),
('anhpa.22it@vku.udn.vn', 'Vkuudn2022', 'Phan Ân Anh', '02885499585', b'1', 'VKU'),
('anhpn.22it@vku.udn.vn', 'Vkuudn2022', 'Phan Nam Ánh', '09526929789', b'1', 'VKU'),
('anhpx@smp.udn.vn', 'Smpudn2022', 'Phan Xuân Anh', '07550210314', b'1', 'SMP'),
('anht.22git@vku.udn.vn', 'Vkuudn2022', 'Huỳnh Thúy An', '06493388675', b'1', 'VKU'),
('anht.22it@vku.udn.vn', 'Vkuudn2022', 'Tuấn Anh', '02753871422', b'1', 'VKU'),
('anht@smp.udn.vn', 'Smpudn2022', 'Hồ Trung Ân', '05545007453', b'1', 'SMP'),
('anhv.22git@vku.udn.vn', 'Vkuudn2022', 'Văn Ánh', '02410112066', b'1', 'VKU'),
('anhvd.22git@vku.udn.vn', 'Vkuudn2022', 'Vũ Duyên Anh', '00505856172', b'1', 'VKU'),
('anhvl@smp.udn.vn', 'Smpudn2022', 'Võ Luân Ánh', '07134571856', b'1', 'SMP'),
('anhvn.22gba@vku.udn.vn', 'Vkuudn2022', 'Vũ Ngọc Ánh', '01438170594', b'1', 'VKU'),
('anhvt.22it@vku.udn.vn', 'Vkuudn2022', 'Võ Tú Ánh', '01842336057', b'1', 'VKU'),
('anl.22it@vku.udn.vn', 'Vkuudn2022', 'Lâm Ân', '03043019882', b'1', 'VKU'),
('anlk.22git@vku.udn.vn', 'Vkuudn2022', 'Lý Kỳ An', '08658786805', b'1', 'VKU'),
('anll.22it@vku.udn.vn', 'Vkuudn2022', 'Lý Liên Ân', '01433242568', b'1', 'VKU'),
('anna.22it@vku.udn.vn', 'Vkuudn2022', 'Nguyễn Anh Ân', '02738105179', b'1', 'VKU'),
('annb.22ba@vku.udn.vn', 'Vkuudn2022', 'Nguyễn Bích An', '06325168176', b'1', 'VKU'),
('annd.22git@vku.udn.vn', 'Vkuudn2022', 'Nguyễn Doanh Ân', '08983584117', b'1', 'VKU'),
('annv.22gba@vku.udn.vn', 'Vkuudn2022', 'Nguyễn Vỹ Ân', '00291680783', b'1', 'VKU'),
('anpd.22gba@vku.udn.vn', 'Vkuudn2022', 'Phan Đông An', '06079472423', b'1', 'VKU'),
('anpk.22ba@vku.udn.vn', 'Vkuudn2022', 'Phan Kha An', '05917461375', b'1', 'VKU'),
('anpl.22gba@vku.udn.vn', 'Vkuudn2022', 'Phạm Luân Ân', '02745177429', b'1', 'VKU'),
('anpm.22git@vku.udn.vn', 'Vkuudn2022', 'Phạm Mai Ân', '01082439971', b'1', 'VKU'),
('anpm.22it@vku.udn.vn', 'Vkuudn2022', 'Phan My Ân', '01886578863', b'1', 'VKU'),
('anpp.22it@vku.udn.vn', 'Vkuudn2022', 'Phạm Phi An', '03183810175', b'1', 'VKU'),
('anpt.22it@vku.udn.vn', 'Vkuudn2022', 'Phan Tú An', '03906446566', b'1', 'VKU'),
('antt.22git@vku.udn.vn', 'Vkuudn2022', 'Trần Thanh An', '09013711063', b'1', 'VKU'),
('anvl.22it@vku.udn.vn', 'Vkuudn2022', 'Vũ Lợi Ân', '04302657342', b'1', 'VKU'),
('anvq.22it@vku.udn.vn', 'Vkuudn2022', 'Võ Quốc Ân', '00818880186', b'1', 'VKU'),
('anvt.22it@vku.udn.vn', 'Vkuudn2022', 'Võ Trâm An', '01242421387', b'1', 'VKU'),
('anvv.22ba@vku.udn.vn', 'Vkuudn2022', 'Vũ Vương Ân', '07711719987', b'1', 'VKU'),
('bachd.22ba@vku.udn.vn', 'Vkuudn2022', 'Đông Bách', '04371457214', b'0', 'VKU'),
('bachdt.22git@vku.udn.vn', 'Vkuudn2022', 'Dương Trường Bách', '05510197098', b'0', 'VKU'),
('bachpn.22git@vku.udn.vn', 'Vkuudn2022', 'Phan Nhân Bách', '05058888047', b'0', 'VKU'),
('bachtk.22it@vku.udn.vn', 'Vkuudn2022', 'Trần Khanh Bách', '09464442271', b'0', 'VKU'),
('bachtt@smp.udn.vn', 'Smpudn2022', 'Trần Thanh Bách', '06161319673', b'0', 'SMP'),
('bangdp.22git@vku.udn.vn', 'Vkuudn2022', 'Đỗ Phượng Băng', '02956231402', b'1', 'VKU'),
('bangdv.22it@vku.udn.vn', 'Vkuudn2022', 'Đặng Văn Băng', '02869236546', b'1', 'VKU'),
('bangnt@smp.udn.vn', 'Smpudn2022', 'Ngô Tiên Băng', '00323673804', b'1', 'SMP'),
('bangvt.22ba@vku.udn.vn', 'Vkuudn2022', 'Võ Thông Băng', '05060417429', b'1', 'VKU'),
('bangvv.22it@vku.udn.vn', 'Vkuudn2022', 'Võ Văn Băng', '04381280417', b'1', 'VKU'),
('baobk.22it@vku.udn.vn', 'Vkuudn2022', 'Bùi Kiệt Bảo', '06167496514', b'0', 'VKU'),
('baobp.22it@vku.udn.vn', 'Vkuudn2022', 'Bùi Phượng Bảo', '04371843629', b'0', 'VKU'),
('baod.22git@vku.udn.vn', 'Vkuudn2022', 'Danh Bảo', '07217276342', b'0', 'VKU'),
('baodh@smp.udn.vn', 'Smpudn2022', 'Đặng Hạnh Bảo', '06345983059', b'0', 'SMP'),
('baodq.22it@vku.udn.vn', 'Vkuudn2022', 'Dương Quân Bảo', '03286503962', b'0', 'VKU'),
('baond.22git@vku.udn.vn', 'Vkuudn2022', 'Ngô Di Bảo', '07361477886', b'0', 'VKU'),
('baonl.22ba@vku.udn.vn', 'Vkuudn2022', 'Ngô Linh Bảo', '00030596222', b'0', 'VKU'),
('baonq.22git@vku.udn.vn', 'Vkuudn2022', 'Nguyễn Quý Bảo', '01647381802', b'0', 'VKU'),
('baovl.22it@vku.udn.vn', 'Vkuudn2022', 'Võ Lộc Bảo', '00620982002', b'0', 'VKU'),
('baovt.22git@vku.udn.vn', 'Vkuudn2022', 'Vũ Trân Bảo', '01177345872', b'0', 'VKU'),
('baovt.22it@vku.udn.vn', 'Vkuudn2022', 'Võ Trọng Bảo', '02000104507', b'0', 'VKU'),
('bichbn.22it@vku.udn.vn', 'Vkuudn2022', 'Bùi Nguyên Bích', '09677642463', b'1', 'VKU'),
('bichdm.22gba@vku.udn.vn', 'Vkuudn2022', 'Đỗ Mẫn Bích', '07373597667', b'1', 'VKU'),
('bichdm@smp.udn.vn', 'Smpudn2022', 'Đỗ Mỹ Bích', '06762904215', b'1', 'SMP'),
('bichht@smp.udn.vn', 'Smpudn2022', 'Hồ Trọng Bích', '06828717589', b'1', 'SMP'),
('bichk.22it@vku.udn.vn', 'Vkuudn2022', 'Kha Bích', '05570439729', b'1', 'VKU'),
('bichpk.22it@vku.udn.vn', 'Vkuudn2022', 'Phan Khang Bích', '06550875310', b'1', 'VKU'),
('bichpq.22it@vku.udn.vn', 'Vkuudn2022', 'Phạm Quân Bích', '04471677175', b'1', 'VKU'),
('bichpt.22gba@vku.udn.vn', 'Vkuudn2022', 'Phan Tiên Bích', '07708829754', b'1', 'VKU'),
('bichvl.22it@vku.udn.vn', 'Vkuudn2022', 'Võ Lam Bích', '07900294495', b'1', 'VKU'),
('bichvt@smp.udn.vn', 'Smpudn2022', 'Vũ Trinh Bích', '05174593685', b'1', 'SMP'),
('binhbv.22it@vku.udn.vn', 'Vkuudn2022', 'Bùi Văn Bình', '01098393321', b'1', 'VKU'),
('binhd@smp.udn.vn', 'Smpudn2022', 'Di Bình', '00471316119', b'1', 'SMP'),
('binhdm.22it@vku.udn.vn', 'Vkuudn2022', 'Đỗ Minh Bình', '07515662836', b'1', 'VKU'),
('binhdp.22it@vku.udn.vn', 'Vkuudn2022', 'Đỗ Phương Bình', '00600574426', b'1', 'VKU'),
('binhdt.22gba@vku.udn.vn', 'Vkuudn2022', 'Đỗ Tùng Bình', '01545721629', b'1', 'VKU'),
('binhhd.22it@vku.udn.vn', 'Vkuudn2022', 'Hồ Duyên Bình', '02402789979', b'1', 'VKU'),
('binhhp.22it@vku.udn.vn', 'Vkuudn2022', 'Hồ Phú Bình', '06727687873', b'1', 'VKU'),
('binhht.22it@vku.udn.vn', 'Vkuudn2022', 'Hồ Tín Bình', '05417232629', b'1', 'VKU'),
('binhlt.22git@vku.udn.vn', 'Vkuudn2022', 'Lý Tâm Bình', '09097031776', b'1', 'VKU'),
('binhlt.22it@vku.udn.vn', 'Vkuudn2022', 'Lý Thương Bình', '01467614156', b'1', 'VKU'),
('binhn.22it@vku.udn.vn', 'Vkuudn2022', 'Ngân Bình', '07138254067', b'1', 'VKU'),
('binhnh.22it@vku.udn.vn', 'Vkuudn2022', 'Ngô Hùng Bình', '03897218849', b'1', 'VKU'),
('binhnn.22ba@vku.udn.vn', 'Vkuudn2022', 'Ngô Ngân Bình', '06946865739', b'1', 'VKU'),
('binhnt.22git@vku.udn.vn', 'Vkuudn2022', 'Nguyễn Tuyết Bình', '03431894818', b'1', 'VKU'),
('binhnv.22ba@vku.udn.vn', 'Vkuudn2022', 'Ngô Văn Bình', '03128201451', b'1', 'VKU'),
('binhvp.22git@vku.udn.vn', 'Vkuudn2022', 'Võ Phương Bình', '07503694889', b'1', 'VKU'),
('binhvt.22it@vku.udn.vn', 'Vkuudn2022', 'Võ Thị Bình', '08120002359', b'1', 'VKU'),
('chaudh.22git@vku.udn.vn', 'Vkuudn2022', 'Đặng Hùng Châu', '06918790519', b'1', 'VKU'),
('chaudh.22it@vku.udn.vn', 'Vkuudn2022', 'Đặng Hùng Châu', '01523317234', b'1', 'VKU'),
('chauhd.22it@vku.udn.vn', 'Vkuudn2022', 'Hồ Đào Châu', '01485667259', b'1', 'VKU'),
('chauht.22it@vku.udn.vn', 'Vkuudn2022', 'Hoàng Tăng Châu', '03331071422', b'1', 'VKU'),
('chauld.22it@vku.udn.vn', 'Vkuudn2022', 'Lý Đăng Châu', '07906673541', b'1', 'VKU'),
('chaun.22it@vku.udn.vn', 'Vkuudn2022', 'Nhiên Châu', '05286779807', b'1', 'VKU'),
('chaund.22it@vku.udn.vn', 'Vkuudn2022', 'Ngô Đạt Châu', '05223935057', b'1', 'VKU'),
('chaupc.22gba@vku.udn.vn', 'Vkuudn2022', 'Phan Châu Châu', '08786169366', b'1', 'VKU'),
('chaupn.22it@vku.udn.vn', 'Vkuudn2022', 'Phan Nhật Châu', '04013278065', b'1', 'VKU'),
('chaupt.22gba@vku.udn.vn', 'Vkuudn2022', 'Phan Thi Châu', '07602329943', b'1', 'VKU'),
('chidm.22it@vku.udn.vn', 'Vkuudn2022', 'Đỗ Minh Chi', '04193689138', b'1', 'VKU'),
('chidt.22it@vku.udn.vn', 'Vkuudn2022', 'Đỗ Thanh Chi', '04325796238', b'1', 'VKU'),
('chiht@smp.udn.vn', 'Smpudn2022', 'Huỳnh Tuyền Chi', '04878660328', b'1', 'SMP'),
('chipl.22it@vku.udn.vn', 'Vkuudn2022', 'Phạm Liên Chi', '02877846869', b'1', 'VKU'),
('chivv@smp.udn.vn', 'Smpudn2022', 'Vũ Vương Chi', '08991771969', b'1', 'SMP'),
('congb@smp.udn.vn', 'Smpudn2022', 'Băng Công', '01035764516', b'0', 'SMP'),
('congbk.22it@vku.udn.vn', 'Vkuudn2022', 'Bùi Khánh Công', '02744674036', b'0', 'VKU'),
('conght.22it@vku.udn.vn', 'Vkuudn2022', 'Hoàng Thuận Công', '04736208449', b'0', 'VKU'),
('conglq.22it@vku.udn.vn', 'Vkuudn2022', 'Lý Quang Công', '05948844659', b'0', 'VKU'),
('conglt.22git@vku.udn.vn', 'Vkuudn2022', 'Lê Tú Công', '09555829959', b'0', 'VKU'),
('conglt@smp.udn.vn', 'Smpudn2022', 'Lê Thư Công', '08716369875', b'0', 'SMP'),
('congnb.22gba@vku.udn.vn', 'Vkuudn2022', 'Nguyễn Băng Công', '06393206970', b'0', 'VKU'),
('congnm.22it@vku.udn.vn', 'Vkuudn2022', 'Nguyễn Minh Công', '09131578420', b'0', 'VKU'),
('congpd.22it@vku.udn.vn', 'Vkuudn2022', 'Phạm Đạt Công', '07385909676', b'0', 'VKU'),
('congph.22it@vku.udn.vn', 'Vkuudn2022', 'Phan Hiếu Công', '01461715378', b'0', 'VKU'),
('congvv@smp.udn.vn', 'Smpudn2022', 'Võ Văn Công', '06886484664', b'0', 'SMP'),
('cuongdk.22gba@vku.udn.vn', 'Vkuudn2022', 'Đặng Khoa Cường', '05083439698', b'0', 'VKU'),
('cuongpk.22gba@vku.udn.vn', 'Vkuudn2022', 'Phan Kiên Cường', '03928887465', b'0', 'VKU'),
('cuongpk.22it@vku.udn.vn', 'Vkuudn2022', 'Phạm Kiều Cường', '07365562307', b'0', 'VKU'),
('daia.22it@vku.udn.vn', 'Vkuudn2022', 'Anh Đại', '09661552737', b'0', 'VKU'),
('daidn.22gba@vku.udn.vn', 'Vkuudn2022', 'Dương Như Đại', '07448655457', b'0', 'VKU'),
('daidp.22gba@vku.udn.vn', 'Vkuudn2022', 'Đỗ Phượng Đại', '01937781560', b'0', 'VKU'),
('daidq.22it@vku.udn.vn', 'Vkuudn2022', 'Dương Quỳnh Đại', '01984450520', b'0', 'VKU'),
('daihm.22gba@vku.udn.vn', 'Vkuudn2022', 'Hoàng Mẫn Đại', '08555244184', b'0', 'VKU'),
('daiht.22it@vku.udn.vn', 'Vkuudn2022', 'Hoàng Thơ Đại', '09609626727', b'0', 'VKU'),
('dailk.22gba@vku.udn.vn', 'Vkuudn2022', 'Lê Khoa Đại', '01697134151', b'0', 'VKU'),
('daipk.22it@vku.udn.vn', 'Vkuudn2022', 'Phạm Kiên Đại', '09850484066', b'0', 'VKU'),
('daipn.22git@vku.udn.vn', 'Vkuudn2022', 'Phan Nhung Đại', '03281968125', b'0', 'VKU'),
('dangdh.22it@vku.udn.vn', 'Vkuudn2022', 'Đặng Hào Đăng', '01221552346', b'0', 'VKU'),
('dangdn.22ba@vku.udn.vn', 'Vkuudn2022', 'Đặng Nhã Đăng', '04415875635', b'0', 'VKU'),
('danghh.22it@vku.udn.vn', 'Vkuudn2022', 'Hồ Hương Đăng', '07887954415', b'0', 'VKU'),
('danght.22it@vku.udn.vn', 'Vkuudn2022', 'Hồ Tâm Đăng', '06470648185', b'0', 'VKU'),
('dangnv.22it@vku.udn.vn', 'Vkuudn2022', 'Nguyễn Vũ Đăng', '03400869772', b'0', 'VKU'),
('danhdb@smp.udn.vn', 'Smpudn2022', 'Đặng Bích Danh', '03150658484', b'0', 'SMP'),
('danhht.22gba@vku.udn.vn', 'Vkuudn2022', 'Huỳnh Tín Danh', '01769394259', b'0', 'VKU'),
('danhln.22it@vku.udn.vn', 'Vkuudn2022', 'Lê Nhàn Danh', '07649796142', b'0', 'VKU'),
('danhnk.22it@vku.udn.vn', 'Vkuudn2022', 'Ngô Kha Danh', '04215246841', b'0', 'VKU'),
('danhtk.22ba@vku.udn.vn', 'Vkuudn2022', 'Trần Khang Danh', '02901845094', b'0', 'VKU'),
('danhvn.22git@vku.udn.vn', 'Vkuudn2022', 'Vũ Nguyên Danh', '09362274885', b'0', 'VKU'),
('danlb.22git@vku.udn.vn', 'Vkuudn2022', 'Lý Băng Đan', '09354395808', b'1', 'VKU'),
('dannd@smp.udn.vn', 'Smpudn2022', 'Ngô Đăng Đan', '09727579393', b'1', 'SMP'),
('dannv.22it@vku.udn.vn', 'Vkuudn2022', 'Ngô Văn Đan', '07692310346', b'1', 'VKU'),
('dannx.22gba@vku.udn.vn', 'Vkuudn2022', 'Ngô Xuân Đan', '04681814431', b'1', 'VKU'),
('dannx.22it@vku.udn.vn', 'Vkuudn2022', 'Ngô Xuân Đan', '01099270347', b'1', 'VKU'),
('danpl@smp.udn.vn', 'Smpudn2022', 'Phạm Lam Đan', '06593832085', b'1', 'SMP'),
('danta.22it@vku.udn.vn', 'Vkuudn2022', 'Trần Anh Đan', '05285955635', b'1', 'VKU'),
('daobl.22ba@vku.udn.vn', 'Vkuudn2022', 'Bùi Loan Đào', '09588426239', b'1', 'VKU'),
('daobn@smp.udn.vn', 'Smpudn2022', 'Bùi Ngọc Đào', '00514669013', b'1', 'SMP'),
('daodq.22it@vku.udn.vn', 'Vkuudn2022', 'Dương Quân Đào', '00032319901', b'1', 'VKU'),
('datd.22it@vku.udn.vn', 'Vkuudn2022', 'Diễm Đạt', '08970528401', b'0', 'VKU'),
('datdk.22gba@vku.udn.vn', 'Vkuudn2022', 'Đặng Khải Đạt', '05312363794', b'0', 'VKU'),
('datdk.22git@vku.udn.vn', 'Vkuudn2022', 'Đặng Khuê Đạt', '07300427675', b'0', 'VKU'),
('dathd.22it@vku.udn.vn', 'Vkuudn2022', 'Huỳnh Di Đạt', '01484131474', b'0', 'VKU'),
('dathk.22it@vku.udn.vn', 'Vkuudn2022', 'Hoàng Kim Đạt', '03462835847', b'0', 'VKU'),
('dathp.22ba@vku.udn.vn', 'Vkuudn2022', 'Huỳnh Phong Đạt', '07857912106', b'0', 'VKU'),
('datlt.22git@vku.udn.vn', 'Vkuudn2022', 'Lê Tiên Đạt', '01435418033', b'0', 'VKU'),
('datnl.22gba@vku.udn.vn', 'Vkuudn2022', 'Ngô Luân Đạt', '07495990064', b'0', 'VKU'),
('datnl.22it@vku.udn.vn', 'Vkuudn2022', 'Ngô Lam Đạt', '00142364599', b'0', 'VKU'),
('datnp.22it@vku.udn.vn', 'Vkuudn2022', 'Ngô Phước Đạt', '01935529210', b'0', 'VKU'),
('datns@smp.udn.vn', 'Smpudn2022', 'Ngô Sang Đạt', '06140008334', b'0', 'SMP'),
('datpa.22it@vku.udn.vn', 'Vkuudn2022', 'Phạm Ân Đạt', '05713742015', b'0', 'VKU'),
('datph.22it@vku.udn.vn', 'Vkuudn2022', 'Phạm Hiền Đạt', '04148383338', b'0', 'VKU'),
('dattt.22it@vku.udn.vn', 'Vkuudn2022', 'Trần Thủy Đạt', '02274426940', b'0', 'VKU'),
('dib.22ba@vku.udn.vn', 'Vkuudn2022', 'Bình Di', '04216571190', b'1', 'VKU'),
('didt.22git@vku.udn.vn', 'Vkuudn2022', 'Đỗ Tường Di', '07392885515', b'1', 'VKU'),
('diembt.22it@vku.udn.vn', 'Vkuudn2022', 'Bùi Thy Diễm', '05673545417', b'1', 'VKU'),
('diemht.22gba@vku.udn.vn', 'Vkuudn2022', 'Huỳnh Thanh Diễm', '06739046941', b'1', 'VKU'),
('diemnt.22git@vku.udn.vn', 'Vkuudn2022', 'Ngô Trân Diễm', '07419212703', b'1', 'VKU'),
('diemnu@smp.udn.vn', 'Smpudn2022', 'Ngô Uyên Diễm', '04864577543', b'1', 'SMP'),
('diemvk.22it@vku.udn.vn', 'Vkuudn2022', 'Vũ Khanh Diễm', '01261628294', b'1', 'VKU'),
('diepdm.22it@vku.udn.vn', 'Vkuudn2022', 'Đặng Minh Diệp', '06771596619', b'1', 'VKU'),
('diephk.22it@vku.udn.vn', 'Vkuudn2022', 'Hoàng Khánh Diệp', '04184895830', b'1', 'VKU'),
('diephn.22ba@vku.udn.vn', 'Vkuudn2022', 'Hoàng Như Diệp', '04799674645', b'1', 'VKU'),
('diephp.22it@vku.udn.vn', 'Vkuudn2022', 'Hồ Phú Diệp', '05312926583', b'1', 'VKU'),
('diepht.22it@vku.udn.vn', 'Vkuudn2022', 'Hoàng Tấn Diệp', '06253788625', b'1', 'VKU'),
('dieplm.22it@vku.udn.vn', 'Vkuudn2022', 'Lê Mạnh Diệp', '02325046531', b'1', 'VKU'),
('diepnb.22it@vku.udn.vn', 'Vkuudn2022', 'Nguyễn Bảo Diệp', '06211242280', b'1', 'VKU'),
('diepnn.22git@vku.udn.vn', 'Vkuudn2022', 'Nguyễn Nguyệt Diệp', '03434337649', b'1', 'VKU'),
('diepnp.22it@vku.udn.vn', 'Vkuudn2022', 'Ngô Phú Diệp', '00622301084', b'1', 'VKU'),
('diepty.22gba@vku.udn.vn', 'Vkuudn2022', 'Trần Ý Diệp', '03141640597', b'1', 'VKU'),
('diepvp.22it@vku.udn.vn', 'Vkuudn2022', 'Vũ Phụng Diệp', '09537768636', b'1', 'VKU'),
('dieubt.22it@vku.udn.vn', 'Vkuudn2022', 'Bùi Triết Diệu', '08687237170', b'1', 'VKU'),
('dieulb@smp.udn.vn', 'Smpudn2022', 'Lê Bình Diệu', '06732249580', b'1', 'SMP'),
('dieunu.22it@vku.udn.vn', 'Vkuudn2022', 'Ngô Uyên Diệu', '02794521608', b'1', 'VKU'),
('dieutt.22it@vku.udn.vn', 'Vkuudn2022', 'Trần Tường Diệu', '06276546610', b'1', 'VKU'),
('dihb.22gba@vku.udn.vn', 'Vkuudn2022', 'Hoàng Bách Di', '00473930701', b'1', 'VKU'),
('dilt.22it@vku.udn.vn', 'Vkuudn2022', 'Lý Thắng Di', '03497586422', b'1', 'VKU'),
('dink.22git@vku.udn.vn', 'Vkuudn2022', 'Ngô Khánh Di', '05792428038', b'1', 'VKU'),
('dinl.22it@vku.udn.vn', 'Vkuudn2022', 'Ngô Long Di', '08865331558', b'1', 'VKU'),
('dipt.22gba@vku.udn.vn', 'Vkuudn2022', 'Phạm Tuấn Di', '07960609554', b'1', 'VKU'),
('ditd.22git@vku.udn.vn', 'Vkuudn2022', 'Trần Đăng Di', '08649306640', b'1', 'VKU'),
('ditq.22it@vku.udn.vn', 'Vkuudn2022', 'Trần Quyên Di', '08703750827', b'1', 'VKU'),
('doanhd.22ba@vku.udn.vn', 'Vkuudn2022', 'Đăng Doanh', '03622848129', b'1', 'VKU'),
('doanhd.22it@vku.udn.vn', 'Vkuudn2022', 'Duy Doanh', '04400094216', b'1', 'VKU'),
('doanhdt.22gba@vku.udn.vn', 'Vkuudn2022', 'Đặng Tùng Doanh', '04079934976', b'1', 'VKU'),
('doanhhc.22it@vku.udn.vn', 'Vkuudn2022', 'Hồ Chi Doanh', '02275685678', b'1', 'VKU'),
('doanhhq.22it@vku.udn.vn', 'Vkuudn2022', 'Hồ Quỳnh Doanh', '08949250347', b'1', 'VKU'),
('doanhht.22it@vku.udn.vn', 'Vkuudn2022', 'Hoàng Thúy Doanh', '04170688475', b'1', 'VKU'),
('doanhlp.22it@vku.udn.vn', 'Vkuudn2022', 'Lê Phong Doanh', '08592715267', b'1', 'VKU'),
('doanhlt.22it@vku.udn.vn', 'Vkuudn2022', 'Lê Thanh Doanh', '02791074516', b'1', 'VKU'),
('doanhq.22it@vku.udn.vn', 'Vkuudn2022', 'Quốc Doanh', '06629967161', b'1', 'VKU'),
('doanhvt.22it@vku.udn.vn', 'Vkuudn2022', 'Võ Trinh Doanh', '08476278574', b'1', 'VKU'),
('dongdn.22git@vku.udn.vn', 'Vkuudn2022', 'Dương Ngọc Đông', '03007489950', b'0', 'VKU'),
('donghv.22git@vku.udn.vn', 'Vkuudn2022', 'Hồ Vương Đông', '00041780554', b'0', 'VKU'),
('donghy.22gba@vku.udn.vn', 'Vkuudn2022', 'Hoàng Ý Đông', '03049396181', b'0', 'VKU'),
('dongtb.22it@vku.udn.vn', 'Vkuudn2022', 'Trần Bình Đông', '02654259308', b'0', 'VKU'),
('ducdg.22ba@vku.udn.vn', 'Vkuudn2022', 'Đỗ Giang Đức', '09836485267', b'0', 'VKU'),
('ducdm.22it@vku.udn.vn', 'Vkuudn2022', 'Dương Minh Đức', '06201788968', b'0', 'VKU'),
('ducdq.22it@vku.udn.vn', 'Vkuudn2022', 'Đặng Quỳnh Đức', '08580292647', b'0', 'VKU'),
('ducdt.22gba@vku.udn.vn', 'Vkuudn2022', 'Đỗ Tấn Đức', '08722005396', b'0', 'VKU'),
('ducdt.22it@vku.udn.vn', 'Vkuudn2022', 'Đỗ Trọng Đức', '02782499708', b'0', 'VKU'),
('duchk.22git@vku.udn.vn', 'Vkuudn2022', 'Hoàng Kha Đức', '07997189317', b'0', 'VKU'),
('duchp.22ba@vku.udn.vn', 'Vkuudn2022', 'Hồ Phương Đức', '08853502561', b'0', 'VKU'),
('duck.22ba@vku.udn.vn', 'Vkuudn2022', 'Khiêm Đức', '00242302634', b'0', 'VKU'),
('duclh.22it@vku.udn.vn', 'Vkuudn2022', 'Lý Hiển Đức', '05563349277', b'0', 'VKU'),
('ducln.22git@vku.udn.vn', 'Vkuudn2022', 'Lê Ngọc Đức', '04241107545', b'0', 'VKU'),
('duclt.22ba@vku.udn.vn', 'Vkuudn2022', 'Lý Thủy Đức', '09259109197', b'0', 'VKU'),
('duclt.22it@vku.udn.vn', 'Vkuudn2022', 'Lý Thuận Đức', '06261543982', b'0', 'VKU'),
('ducnt.22it@vku.udn.vn', 'Vkuudn2022', 'Ngô Thương Đức', '07457728943', b'0', 'VKU'),
('ducpc.22it@vku.udn.vn', 'Vkuudn2022', 'Phan Châu Đức', '01338346761', b'0', 'VKU'),
('dungbt.22it@vku.udn.vn', 'Vkuudn2022', 'Bùi Thanh Dũng', '08531262824', b'1', 'VKU'),
('dungdp.22git@vku.udn.vn', 'Vkuudn2022', 'Đỗ Phú Dũng', '09912231626', b'1', 'VKU'),
('dungdt.22it@vku.udn.vn', 'Vkuudn2022', 'Đỗ Tú Dung', '09979299543', b'1', 'VKU'),
('dunghn.22it@vku.udn.vn', 'Vkuudn2022', 'Huỳnh Nga Dũng', '07082828813', b'1', 'VKU'),
('dunghv.22it@vku.udn.vn', 'Vkuudn2022', 'Hoàng Văn Dũng', '09097139646', b'1', 'VKU'),
('dungna.22gba@vku.udn.vn', 'Vkuudn2022', 'Nguyễn Ân Dung', '03964926787', b'1', 'VKU'),
('dungnk.22gba@vku.udn.vn', 'Vkuudn2022', 'Nguyễn Khôi Dũng', '00994218496', b'1', 'VKU'),
('dungno.22it@vku.udn.vn', 'Vkuudn2022', 'Ngô Oanh Dung', '05127921621', b'1', 'VKU'),
('dungnq@smp.udn.vn', 'Smpudn2022', 'Ngô Quỳnh Dũng', '05976353684', b'1', 'SMP'),
('dungnt.22it@vku.udn.vn', 'Vkuudn2022', 'Nguyễn Tuyết Dũng', '05106542602', b'1', 'VKU'),
('dungpt.22gba@vku.udn.vn', 'Vkuudn2022', 'Phan Thị Dũng', '01612401765', b'1', 'VKU'),
('dungtt.22it@vku.udn.vn', 'Vkuudn2022', 'Trần Tâm Dung', '09742292200', b'1', 'VKU'),
('dungvp@smp.udn.vn', 'Smpudn2022', 'Vũ Phúc Dung', '04728250671', b'1', 'SMP'),
('duongdd.22it@vku.udn.vn', 'Vkuudn2022', 'Dương Duy Dương', '09474050783', b'1', 'VKU'),
('duongha.22gba@vku.udn.vn', 'Vkuudn2022', 'Hoàng Ân Dương', '09812179694', b'1', 'VKU'),
('duonglp.22git@vku.udn.vn', 'Vkuudn2022', 'Lê Phú Dương', '07202369305', b'1', 'VKU'),
('duongnc.22ba@vku.udn.vn', 'Vkuudn2022', 'Ngô Chi Dương', '06938275957', b'1', 'VKU'),
('duongnd.22git@vku.udn.vn', 'Vkuudn2022', 'Nguyễn Dương Dương', '01456321317', b'1', 'VKU'),
('duongnd.22it@vku.udn.vn', 'Vkuudn2022', 'Ngô Diệu Dương', '02594864191', b'1', 'VKU'),
('duongnq.22it@vku.udn.vn', 'Vkuudn2022', 'Ngô Quỳnh Dương', '05333599777', b'1', 'VKU'),
('duongnt.22it@vku.udn.vn', 'Vkuudn2022', 'Ngô Thương Dương', '04397397515', b'1', 'VKU'),
('duongpd.22it@vku.udn.vn', 'Vkuudn2022', 'Phan Đào Dương', '00681728804', b'1', 'VKU'),
('duongtt.22it@vku.udn.vn', 'Vkuudn2022', 'Trần Thông Dương', '02764854837', b'1', 'VKU'),
('duyenhh.22it@vku.udn.vn', 'Vkuudn2022', 'Hồ Hào Duyên', '05394967659', b'1', 'VKU'),
('duyennh.22it@vku.udn.vn', 'Vkuudn2022', 'Nguyễn Hải Duyên', '03023517852', b'1', 'VKU'),
('duyennm.22it@vku.udn.vn', 'Vkuudn2022', 'Ngô Mỹ Duyên', '06365962542', b'1', 'VKU'),
('duyenvt.22it@vku.udn.vn', 'Vkuudn2022', 'Vũ Thành Duyên', '05962691035', b'1', 'VKU'),
('duyhb.22ba@vku.udn.vn', 'Vkuudn2022', 'Hoàng Bình Duy', '06832468361', b'0', 'VKU'),
('duyht.22it@vku.udn.vn', 'Vkuudn2022', 'Huỳnh Tâm Duy', '06332544416', b'0', 'VKU'),
('duynt.22it@vku.udn.vn', 'Vkuudn2022', 'Ngô Thương Duy', '05730757606', b'0', 'VKU'),
('duyny.22it@vku.udn.vn', 'Vkuudn2022', 'Nguyễn Yến Duy', '05683888739', b'0', 'VKU'),
('duypt.22it@vku.udn.vn', 'Vkuudn2022', 'Phan Thiện Duy', '04689992484', b'0', 'VKU'),
('duyvk.22gba@vku.udn.vn', 'Vkuudn2022', 'Võ Kỳ Duy', '06552224204', b'0', 'VKU'),
('giangbv@smp.udn.vn', 'Smpudn2022', 'Bùi Vi Giang', '07061048942', b'1', 'SMP'),
('giangdp.22it@vku.udn.vn', 'Vkuudn2022', 'Đỗ Phi Giang', '01991775362', b'1', 'VKU'),
('giangdt.22it@vku.udn.vn', 'Vkuudn2022', 'Đặng Tấn Giang', '01111922050', b'1', 'VKU'),
('gianghl.22it@vku.udn.vn', 'Vkuudn2022', 'Hoàng Lợi Giang', '03345479658', b'1', 'VKU'),
('gianghn.22it@vku.udn.vn', 'Vkuudn2022', 'Hồ Nhàn Giang', '07066932276', b'1', 'VKU'),
('gianglt.22git@vku.udn.vn', 'Vkuudn2022', 'Lê Tùng Giang', '04761580728', b'1', 'VKU'),
('gianglt.22it@vku.udn.vn', 'Vkuudn2022', 'Lý Trường Giang', '06891881691', b'1', 'VKU'),
('gianglx@smp.udn.vn', 'Smpudn2022', 'Lê Xuân Giang', '07866415706', b'1', 'SMP'),
('giangm.22it@vku.udn.vn', 'Vkuudn2022', 'Mỹ Giang', '01739805523', b'1', 'VKU'),
('giangnh@smp.udn.vn', 'Smpudn2022', 'Nguyễn Hoàng Giang', '04137548889', b'1', 'SMP'),
('giangnk.22it@vku.udn.vn', 'Vkuudn2022', 'Ngô Khánh Giang', '01340793131', b'1', 'VKU'),
('giangpl.22it@vku.udn.vn', 'Vkuudn2022', 'Phan Long Giang', '03746777499', b'1', 'VKU'),
('giangpt.22ba@vku.udn.vn', 'Vkuudn2022', 'Phan Thành Giang', '05684763371', b'1', 'VKU'),
('giangpt.22it@vku.udn.vn', 'Vkuudn2022', 'Phạm Trang Giang', '08502637051', b'1', 'VKU'),
('giangtl.22it@vku.udn.vn', 'Vkuudn2022', 'Trần Loan Giang', '06586951606', b'1', 'VKU'),
('giangvd.22it@vku.udn.vn', 'Vkuudn2022', 'Võ Di Giang', '09339719482', b'1', 'VKU'),
('giangvq.22it@vku.udn.vn', 'Vkuudn2022', 'Võ Quốc Giang', '05372420264', b'1', 'VKU'),
('had.22it@vku.udn.vn', 'Vkuudn2022', 'Đào Hà', '06608763335', b'1', 'VKU'),
('hadv.22it@vku.udn.vn', 'Vkuudn2022', 'Đỗ Văn Hà', '08048297189', b'1', 'VKU'),
('hahx.22it@vku.udn.vn', 'Vkuudn2022', 'Hoàng Xuân Hà', '08912913503', b'1', 'VKU'),
('haibk@smp.udn.vn', 'Smpudn2022', 'Bùi Khải Hải', '00629759481', b'0', 'SMP'),
('haibt.22it@vku.udn.vn', 'Vkuudn2022', 'Bùi Tường Hải', '07105403546', b'0', 'VKU'),
('haidl.22gba@vku.udn.vn', 'Vkuudn2022', 'Dương Linh Hải', '03847238633', b'0', 'VKU'),
('haidt.22it@vku.udn.vn', 'Vkuudn2022', 'Đặng Tuệ Hải', '00388821810', b'0', 'VKU'),
('haihl.22git@vku.udn.vn', 'Vkuudn2022', 'Huỳnh Lan Hải', '03313872044', b'0', 'VKU'),
('haihp.22it@vku.udn.vn', 'Vkuudn2022', 'Hồ Phú Hải', '02191192390', b'0', 'VKU'),
('hailt.22it@vku.udn.vn', 'Vkuudn2022', 'Lê Tiên Hải', '07398871561', b'0', 'VKU'),
('haint.22ba@vku.udn.vn', 'Vkuudn2022', 'Ngô Tài Hải', '00517866068', b'0', 'VKU'),
('handh.22it@vku.udn.vn', 'Vkuudn2022', 'Dương Hiền Hân', '07899322219', b'1', 'VKU'),
('handq.22it@vku.udn.vn', 'Vkuudn2022', 'Dương Quang Hân', '07388961856', b'1', 'VKU'),
('handv.22it@vku.udn.vn', 'Vkuudn2022', 'Dương Văn Hân', '00878408500', b'1', 'VKU'),
('hangdd.22ba@vku.udn.vn', 'Vkuudn2022', 'Đỗ Đạt Hằng', '07464101632', b'1', 'VKU'),
('hangdt.22it@vku.udn.vn', 'Vkuudn2022', 'Dương Tuyền Hằng', '03474543274', b'1', 'VKU'),
('hangdv.22it@vku.udn.vn', 'Vkuudn2022', 'Dương Vĩ Hằng', '00998795269', b'1', 'VKU'),
('hangnh.22it@vku.udn.vn', 'Vkuudn2022', 'Nguyễn Hiền Hằng', '08961760227', b'1', 'VKU'),
('hangpt.22it@vku.udn.vn', 'Vkuudn2022', 'Phan Thùy Hằng', '01279182605', b'1', 'VKU'),
('hangtc.22ba@vku.udn.vn', 'Vkuudn2022', 'Trần Châu Hằng', '09920556051', b'1', 'VKU'),
('hangvp.22it@vku.udn.vn', 'Vkuudn2022', 'Vũ Phúc Hằng', '03297528228', b'1', 'VKU'),
('hanhbk.22ba@vku.udn.vn', 'Vkuudn2022', 'Bùi Khang Hạnh', '02532338854', b'1', 'VKU'),
('hanhdh.22gba@vku.udn.vn', 'Vkuudn2022', 'Dương Hiếu Hạnh', '01933830014', b'1', 'VKU'),
('hanhdk.22it@vku.udn.vn', 'Vkuudn2022', 'Đặng Kha Hạnh', '06421320787', b'1', 'VKU'),
('hanhdt.22it@vku.udn.vn', 'Vkuudn2022', 'Đỗ Tường Hạnh', '03209068212', b'1', 'VKU'),
('hanhh.22ba@vku.udn.vn', 'Vkuudn2022', 'Hoàng Huy Hân', '08158512833', b'1', 'VKU'),
('hanhhn.22git@vku.udn.vn', 'Vkuudn2022', 'Hồ Nghĩa Hạnh', '07200531176', b'1', 'VKU'),
('hanhnt.22it@vku.udn.vn', 'Vkuudn2022', 'Ngô Tâm Hạnh', '02491392366', b'1', 'VKU'),
('hanhpt.22ba@vku.udn.vn', 'Vkuudn2022', 'Phạm Thông Hạnh', '04527460624', b'1', 'VKU'),
('hanht@smp.udn.vn', 'Smpudn2022', 'Triết Hạnh', '08711740962', b'1', 'SMP'),
('hanhvb.22it@vku.udn.vn', 'Vkuudn2022', 'Vũ Bích Hạnh', '06344033592', b'1', 'VKU'),
('hannk.22gba@vku.udn.vn', 'Vkuudn2022', 'Ngô Khải Hân', '07300391204', b'1', 'VKU'),
('hannm.22ba@vku.udn.vn', 'Vkuudn2022', 'Nguyễn Minh Hân', '04164539098', b'1', 'VKU'),
('hant.22it@vku.udn.vn', 'Vkuudn2022', 'Nguyễn Thiện Hà', '08337595842', b'1', 'VKU'),
('hany.22git@vku.udn.vn', 'Vkuudn2022', 'Ngô Yến Hà', '03597017956', b'1', 'VKU'),
('haobn.22it@vku.udn.vn', 'Vkuudn2022', 'Bùi Nhã Hào', '06133285168', b'0', 'VKU'),
('haodn.22it@vku.udn.vn', 'Vkuudn2022', 'Đặng Nhựt Hào', '02851069513', b'0', 'VKU'),
('haodt.22gba@vku.udn.vn', 'Vkuudn2022', 'Đặng Thịnh Hào', '02953805600', b'0', 'VKU'),
('haohh.22ba@vku.udn.vn', 'Vkuudn2022', 'Huỳnh Hùng Hào', '01390468369', b'0', 'VKU'),
('haohl.22gba@vku.udn.vn', 'Vkuudn2022', 'Hồ Lợi Hào', '06328916989', b'0', 'VKU'),
('haond.22it@vku.udn.vn', 'Vkuudn2022', 'Nguyễn Dương Hào', '00255852449', b'0', 'VKU'),
('haonv.22it@vku.udn.vn', 'Vkuudn2022', 'Ngô Vũ Hào', '05969263435', b'0', 'VKU'),
('haot.22git@vku.udn.vn', 'Vkuudn2022', 'Thành Hào', '02807023099', b'0', 'VKU'),
('haotd.22it@vku.udn.vn', 'Vkuudn2022', 'Trần Di Hào', '04579248606', b'0', 'VKU'),
('haott.22gba@vku.udn.vn', 'Vkuudn2022', 'Trần Tuệ Hào', '00585287104', b'0', 'VKU'),
('haotv.22it@vku.udn.vn', 'Vkuudn2022', 'Trần Vương Hào', '09798118161', b'0', 'VKU'),
('hapk@smp.udn.vn', 'Smpudn2022', 'Phan Khuê Hà', '06778065347', b'1', 'SMP'),
('haubn.22git@vku.udn.vn', 'Vkuudn2022', 'Bùi Nguyên Hậu', '08099899919', b'0', 'VKU'),
('hauht.22it@vku.udn.vn', 'Vkuudn2022', 'Huỳnh Tâm Hậu', '07460964408', b'0', 'VKU'),
('haunl.22git@vku.udn.vn', 'Vkuudn2022', 'Ngô Ly Hậu', '02805121154', b'0', 'VKU'),
('haunt.22it@vku.udn.vn', 'Vkuudn2022', 'Nguyễn Tăng Hậu', '08064525893', b'0', 'VKU'),
('haupn.22it@vku.udn.vn', 'Vkuudn2022', 'Phạm Như Hậu', '00643845192', b'0', 'VKU'),
('haupq.22it@vku.udn.vn', 'Vkuudn2022', 'Phan Quý Hậu', '04793029620', b'0', 'VKU'),
('haupt.22gba@vku.udn.vn', 'Vkuudn2022', 'Phạm Thương Hậu', '06180545721', b'0', 'VKU'),
('hauvd.22git@vku.udn.vn', 'Vkuudn2022', 'Vũ Đăng Hậu', '06548836130', b'0', 'VKU'),
('hiendd.22it@vku.udn.vn', 'Vkuudn2022', 'Đặng Đạt Hiển', '02510067418', b'1', 'VKU'),
('hiendl.22gba@vku.udn.vn', 'Vkuudn2022', 'Đỗ Lan Hiền', '01202809642', b'1', 'VKU'),
('hiendm.22gba@vku.udn.vn', 'Vkuudn2022', 'Đặng Mai Hiền', '06217904565', b'1', 'VKU'),
('hiendn.22git@vku.udn.vn', 'Vkuudn2022', 'Dương Nhã Hiền', '05919037010', b'1', 'VKU'),
('hienhh.22it@vku.udn.vn', 'Vkuudn2022', 'Huỳnh Hoàng Hiển', '03126668537', b'1', 'VKU'),
('hienhk.22it@vku.udn.vn', 'Vkuudn2022', 'Hoàng Khuê Hiển', '05386407235', b'1', 'VKU'),
('hienhl@smp.udn.vn', 'Smpudn2022', 'Huỳnh Ly Hiền', '09781534720', b'1', 'SMP'),
('hienk.22it@vku.udn.vn', 'Vkuudn2022', 'Kiệt Hiển', '00099299151', b'1', 'VKU'),
('hienlh.22it@vku.udn.vn', 'Vkuudn2022', 'Lê Hân Hiền', '05597209748', b'1', 'VKU'),
('hienpt.22it@vku.udn.vn', 'Vkuudn2022', 'Phan Thanh Hiển', '04655904273', b'1', 'VKU'),
('hientd.22ba@vku.udn.vn', 'Vkuudn2022', 'Trần Đăng Hiền', '04773030326', b'1', 'VKU'),
('hienvk.22git@vku.udn.vn', 'Vkuudn2022', 'Võ Kiên Hiền', '00740651194', b'1', 'VKU'),
('hienvt@smp.udn.vn', 'Smpudn2022', 'Vũ Tường Hiền', '09965998245', b'1', 'SMP'),
('hiepht.22ba@vku.udn.vn', 'Vkuudn2022', 'Hoàng Tiến Hiệp', '03767189452', b'0', 'VKU'),
('hieplk@smp.udn.vn', 'Smpudn2022', 'Lê Kiệt Hiệp', '07788472132', b'0', 'SMP'),
('hiepln@smp.udn.vn', 'Smpudn2022', 'Lý Nhựt Hiệp', '09103297297', b'0', 'SMP'),
('hiepnk.22gba@vku.udn.vn', 'Vkuudn2022', 'Ngô Khánh Hiệp', '07705007239', b'0', 'VKU'),
('hiepnt.22git@vku.udn.vn', 'Vkuudn2022', 'Ngô Thư Hiệp', '09071156011', b'0', 'VKU'),
('hieptd.22it@vku.udn.vn', 'Vkuudn2022', 'Trần Diệu Hiệp', '04270164889', b'0', 'VKU'),
('hieptn.22it@vku.udn.vn', 'Vkuudn2022', 'Trần Nhựt Hiệp', '00524150192', b'0', 'VKU'),
('hiepvd@smp.udn.vn', 'Smpudn2022', 'Võ Đức Hiệp', '06266538141', b'0', 'SMP'),
('hieudk.22it@vku.udn.vn', 'Vkuudn2022', 'Đỗ Kiều Hiếu', '00679616072', b'1', 'VKU'),
('hieudm.22git@vku.udn.vn', 'Vkuudn2022', 'Đỗ Mai Hiếu', '07560009756', b'1', 'VKU'),
('hieudt.22it@vku.udn.vn', 'Vkuudn2022', 'Đặng Thư Hiếu', '03932514882', b'1', 'VKU'),
('hieudx.22git@vku.udn.vn', 'Vkuudn2022', 'Dương Xuân Hiếu', '03867336098', b'1', 'VKU'),
('hieuha.22it@vku.udn.vn', 'Vkuudn2022', 'Hoàng Ánh Hiếu', '00052400566', b'1', 'VKU'),
('hieuho.22gba@vku.udn.vn', 'Vkuudn2022', 'Huỳnh Oanh Hiếu', '06756823947', b'1', 'VKU'),
('hieuht.22gba@vku.udn.vn', 'Vkuudn2022', 'Hoàng Tân Hiếu', '05403791727', b'1', 'VKU'),
('hieul.22it@vku.udn.vn', 'Vkuudn2022', 'Ly Hiếu', '04412439509', b'1', 'VKU'),
('hieult.22gba@vku.udn.vn', 'Vkuudn2022', 'Lê Trí Hiếu', '02189099341', b'1', 'VKU'),
('hieult@smp.udn.vn', 'Smpudn2022', 'Lê Thắm Hiếu', '06765173511', b'1', 'SMP'),
('hieulv.22gba@vku.udn.vn', 'Vkuudn2022', 'Lê Vĩ Hiếu', '04080288039', b'1', 'VKU'),
('hieunc.22it@vku.udn.vn', 'Vkuudn2022', 'Ngô Châu Hiếu', '01326396848', b'1', 'VKU'),
('hieunh.22it@vku.udn.vn', 'Vkuudn2022', 'Ngô Hoa Hiếu', '01546298232', b'1', 'VKU'),
('hieunk.22it@vku.udn.vn', 'Vkuudn2022', 'Ngô Khánh Hiếu', '02471577991', b'1', 'VKU'),
('hieunm.22ba@vku.udn.vn', 'Vkuudn2022', 'Ngô Minh Hiếu', '00473042436', b'1', 'VKU'),
('hieunm.22it@vku.udn.vn', 'Vkuudn2022', 'Ngô Mỹ Hiếu', '00769034931', b'1', 'VKU'),
('hieuph.22it@vku.udn.vn', 'Vkuudn2022', 'Phan Hoa Hiếu', '09019595543', b'1', 'VKU'),
('hieupp.22it@vku.udn.vn', 'Vkuudn2022', 'Phan Phước Hiếu', '02480585731', b'1', 'VKU'),
('hieutp.22it@vku.udn.vn', 'Vkuudn2022', 'Trần Phước Hiếu', '07553834233', b'1', 'VKU'),
('hieuva.22it@vku.udn.vn', 'Vkuudn2022', 'Võ Ân Hiếu', '06233395790', b'1', 'VKU'),
('hieuvt.22it@vku.udn.vn', 'Vkuudn2022', 'Võ Thanh Hiếu', '03586522553', b'1', 'VKU'),
('hn.22it@vku.udn.vn', 'Vkuudn2022', 'Hồ Nhàn ', '02079506953', b'1', 'VKU'),
('hoabh.22gba@vku.udn.vn', 'Vkuudn2022', 'Bùi Hà Hoa', '06943226644', b'1', 'VKU'),
('hoadh.22ba@vku.udn.vn', 'Vkuudn2022', 'Đỗ Huy Hòa', '09459345231', b'1', 'VKU'),
('hoadn.22it@vku.udn.vn', 'Vkuudn2022', 'Dương Ngọc Hòa', '08283143980', b'1', 'VKU'),
('hoah.22it@vku.udn.vn', 'Vkuudn2022', 'Hương Hòa', '07971019243', b'1', 'VKU'),
('hoahh.22git@vku.udn.vn', 'Vkuudn2022', 'Huỳnh Huy Hoa', '04433972394', b'1', 'VKU'),
('hoahk.22ba@vku.udn.vn', 'Vkuudn2022', 'Hồ Kiệt Hòa', '03049206045', b'1', 'VKU'),
('hoala.22it@vku.udn.vn', 'Vkuudn2022', 'Lý Ánh Hoa', '05911171812', b'1', 'VKU'),
('hoalp.22it@vku.udn.vn', 'Vkuudn2022', 'Lý Phú Hòa', '09775829520', b'1', 'VKU'),
('hoangbn.22it@vku.udn.vn', 'Vkuudn2022', 'Bùi Nhựt Hoàng', '05254049606', b'0', 'VKU'),
('hoangdh.22git@vku.udn.vn', 'Vkuudn2022', 'Đỗ Hùng Hoàng', '05896745642', b'0', 'VKU'),
('hoangdm.22git@vku.udn.vn', 'Vkuudn2022', 'Dương Mi Hoàng', '03305812982', b'0', 'VKU'),
('hoangdt@smp.udn.vn', 'Smpudn2022', 'Đặng Trí Hoàng', '01759040877', b'0', 'SMP'),
('hoanglk.22ba@vku.udn.vn', 'Vkuudn2022', 'Lê Khanh Hoàng', '03494226853', b'0', 'VKU'),
('hoangnk.22gba@vku.udn.vn', 'Vkuudn2022', 'Nguyễn Kiều Hoàng', '02807338770', b'0', 'VKU'),
('hoangnt.22it@vku.udn.vn', 'Vkuudn2022', 'Ngô Tài Hoàng', '07024208805', b'0', 'VKU'),
('hoanl.22it@vku.udn.vn', 'Vkuudn2022', 'Nguyễn Linh Hoa', '02635650804', b'1', 'VKU'),
('hoann.22ba@vku.udn.vn', 'Vkuudn2022', 'Ngô Nga Hoa', '02959050986', b'1', 'VKU'),
('hoant.22gba@vku.udn.vn', 'Vkuudn2022', 'Ngô Thanh Hòa', '03059589439', b'1', 'VKU'),
('hoavk.22it@vku.udn.vn', 'Vkuudn2022', 'Võ Khiêm Hoa', '06594263889', b'1', 'VKU'),
('hoavt.22gba@vku.udn.vn', 'Vkuudn2022', 'Võ Trân Hòa', '08816407586', b'1', 'VKU'),
('hoavt.22git@vku.udn.vn', 'Vkuudn2022', 'Vũ Trinh Hòa', '05689612749', b'1', 'VKU'),
('hongdt.22gba@vku.udn.vn', 'Vkuudn2022', 'Dương Thương Hồng', '01410594078', b'1', 'VKU'),
('honghu.22gba@vku.udn.vn', 'Vkuudn2022', 'Hoàng Uyên Hồng', '07789704433', b'1', 'VKU'),
('hongln.22git@vku.udn.vn', 'Vkuudn2022', 'Lý Ngọc Hồng', '05671248880', b'1', 'VKU'),
('hongnv.22it@vku.udn.vn', 'Vkuudn2022', 'Ngô Văn Hồng', '09867032699', b'1', 'VKU'),
('hongpa@smp.udn.vn', 'Smpudn2022', 'Phan Ân Hồng', '00336131919', b'1', 'SMP'),
('hongvt.22gba@vku.udn.vn', 'Vkuudn2022', 'Vũ Thi Hồng', '03677313376', b'1', 'VKU'),
('hq.22gba@vku.udn.vn', 'Vkuudn2022', 'Huỳnh Quang ', '00730433224', b'1', 'VKU'),
('hungdk.22it@vku.udn.vn', 'Vkuudn2022', 'Đặng Kỳ Hưng', '02196497069', b'0', 'VKU'),
('hungdl.22git@vku.udn.vn', 'Vkuudn2022', 'Dương Lâm Hùng', '03495519306', b'0', 'VKU'),
('hunghd.22gba@vku.udn.vn', 'Vkuudn2022', 'Huỳnh Di Hưng', '08880417432', b'0', 'VKU'),
('hunghd.22it@vku.udn.vn', 'Vkuudn2022', 'Hoàng Dương Hùng', '04994272902', b'0', 'VKU'),
('hunghh.22it@vku.udn.vn', 'Vkuudn2022', 'Huỳnh Hạnh Hưng', '00853081202', b'0', 'VKU'),
('hunghk.22it@vku.udn.vn', 'Vkuudn2022', 'Huỳnh Khánh Hùng', '05031922542', b'0', 'VKU'),
('hunght.22it@vku.udn.vn', 'Vkuudn2022', 'Hoàng Thịnh Hưng', '09533033798', b'0', 'VKU'),
('hungk.22it@vku.udn.vn', 'Vkuudn2022', 'Kiệt Hưng', '07259862426', b'0', 'VKU'),
('hunglk.22gba@vku.udn.vn', 'Vkuudn2022', 'Lê Kim Hưng', '08542200625', b'0', 'VKU'),
('hunglp.22it@vku.udn.vn', 'Vkuudn2022', 'Lê Phi Hùng', '05014907579', b'0', 'VKU'),
('hunglt.22it@vku.udn.vn', 'Vkuudn2022', 'Lê Tâm Hùng', '03129535101', b'0', 'VKU'),
('hungna.22it@vku.udn.vn', 'Vkuudn2022', 'Ngô Anh Hùng', '02968096457', b'0', 'VKU'),
('hungnh@smp.udn.vn', 'Smpudn2022', 'Ngô Hồng Hưng', '07056544227', b'0', 'SMP'),
('hungnt.22it@vku.udn.vn', 'Vkuudn2022', 'Ngô Tường Hùng', '01751780342', b'0', 'VKU'),
('hungpq@smp.udn.vn', 'Smpudn2022', 'Phan Quỳnh Hùng', '09701751733', b'0', 'SMP'),
('hungpt.22ba@vku.udn.vn', 'Vkuudn2022', 'Phan Thảo Hùng', '02415564020', b'0', 'VKU'),
('hungpv.22ba@vku.udn.vn', 'Vkuudn2022', 'Phạm Văn Hưng', '09918200380', b'0', 'VKU'),
('hungt.22it@vku.udn.vn', 'Vkuudn2022', 'Tuệ Hùng', '06525673152', b'0', 'VKU'),
('hungva.22it@vku.udn.vn', 'Vkuudn2022', 'Võ Anh Hùng', '07118510674', b'0', 'VKU'),
('hungvv.22ba@vku.udn.vn', 'Vkuudn2022', 'Võ Việt Hùng', '04847193247', b'0', 'VKU'),
('hungvv.22it@vku.udn.vn', 'Vkuudn2022', 'Vũ Văn Hùng', '01448356872', b'0', 'VKU'),
('huongha.22it@vku.udn.vn', 'Vkuudn2022', 'Huỳnh Anh Hương', '06986564947', b'1', 'VKU'),
('huongla.22it@vku.udn.vn', 'Vkuudn2022', 'Lê Ân Hương', '08601379075', b'1', 'VKU'),
('huongnl.22it@vku.udn.vn', 'Vkuudn2022', 'Ngô Lợi Hương', '08244871404', b'1', 'VKU'),
('huongnq.22it@vku.udn.vn', 'Vkuudn2022', 'Nguyễn Quân Hương', '09687265213', b'1', 'VKU'),
('huongnt.22it@vku.udn.vn', 'Vkuudn2022', 'Ngô Thanh Hương', '08687933111', b'1', 'VKU'),
('huongpn.22it@vku.udn.vn', 'Vkuudn2022', 'Phan Nhã Hương', '07462679835', b'1', 'VKU'),
('huongth.22gba@vku.udn.vn', 'Vkuudn2022', 'Trần Hương Hương', '05395720700', b'1', 'VKU'),
('huongtk@smp.udn.vn', 'Smpudn2022', 'Trần Kha Hương', '03562594053', b'1', 'SMP'),
('huongvt.22it@vku.udn.vn', 'Vkuudn2022', 'Vũ Tâm Hương', '08950512008', b'1', 'VKU'),
('huydt@smp.udn.vn', 'Smpudn2022', 'Đỗ Thủy Huy', '06606129149', b'0', 'SMP'),
('huydv.22it@vku.udn.vn', 'Vkuudn2022', 'Dương Vương Huy', '08135224740', b'0', 'VKU'),
('huyendn.22it@vku.udn.vn', 'Vkuudn2022', 'Đặng Nhân Huyền', '02197336991', b'1', 'VKU'),
('huyenhp@smp.udn.vn', 'Smpudn2022', 'Huỳnh Phong Huyền', '03624051910', b'1', 'SMP'),
('huyenhx.22it@vku.udn.vn', 'Vkuudn2022', 'Huỳnh Xuân Huyền', '05522028117', b'1', 'VKU'),
('huyenl.22it@vku.udn.vn', 'Vkuudn2022', 'Lê  Huyền', '05256627508', b'1', 'VKU'),
('huyenn.22ba@vku.udn.vn', 'Vkuudn2022', 'Nga Huyền', '05716953180', b'1', 'VKU'),
('huyhn.22it@vku.udn.vn', 'Vkuudn2022', 'Hoàng Nhàn Huy', '07085584588', b'0', 'VKU'),
('huyht@smp.udn.vn', 'Smpudn2022', 'Huỳnh Tài Huy', '09359576276', b'0', 'SMP'),
('huynv.22it@vku.udn.vn', 'Vkuudn2022', 'Ngô Vương Huy', '05519883308', b'0', 'VKU'),
('huytm.22git@vku.udn.vn', 'Vkuudn2022', 'Trần My Huy', '07676576769', b'0', 'VKU'),
('huyvt.22git@vku.udn.vn', 'Vkuudn2022', 'Vũ Trân Huy', '06106412239', b'0', 'VKU'),
('huyvv.22it@vku.udn.vn', 'Vkuudn2022', 'Võ Vân Huy', '00864524481', b'0', 'VKU'),
('khabt@smp.udn.vn', 'Smpudn2022', 'Bùi Thành Kha', '05853425015', b'0', 'SMP'),
('khadk.22it@vku.udn.vn', 'Vkuudn2022', 'Đỗ Kiên Kha', '01303188725', b'0', 'VKU'),
('khaha.22git@vku.udn.vn', 'Vkuudn2022', 'Hồ Anh Kha', '02548696035', b'0', 'VKU'),
('khaidh.22git@vku.udn.vn', 'Vkuudn2022', 'Đỗ Hằng Khải', '02177660276', b'0', 'VKU'),
('khaihh.22gba@vku.udn.vn', 'Vkuudn2022', 'Hoàng Hùng Khải', '05066661249', b'0', 'VKU'),
('khailm.22it@vku.udn.vn', 'Vkuudn2022', 'Lý Minh Khải', '02560983932', b'0', 'VKU'),
('khaiph@smp.udn.vn', 'Smpudn2022', 'Phan Hòa Khải', '08120727098', b'0', 'SMP'),
('khaivp@smp.udn.vn', 'Smpudn2022', 'Vũ Phương Khải', '05784399620', b'0', 'SMP'),
('khaivt.22git@vku.udn.vn', 'Vkuudn2022', 'Vũ Trang Khải', '01424533175', b'0', 'VKU'),
('khangdn.22it@vku.udn.vn', 'Vkuudn2022', 'Đỗ Ngọc Khang', '02052149975', b'0', 'VKU'),
('khanglb.22it@vku.udn.vn', 'Vkuudn2022', 'Lê Bình Khang', '00244615882', b'0', 'VKU'),
('khanglt.22gba@vku.udn.vn', 'Vkuudn2022', 'Lê Thảo Khang', '07351234542', b'0', 'VKU'),
('khangnt.22it@vku.udn.vn', 'Vkuudn2022', 'Nguyễn Thiên Khang', '05971191927', b'0', 'VKU'),
('khangth.22it@vku.udn.vn', 'Vkuudn2022', 'Trần Hồng Khang', '05814677478', b'0', 'VKU'),
('khanhba.22ba@vku.udn.vn', 'Vkuudn2022', 'Bùi Anh Khanh', '01779603432', b'1', 'VKU'),
('khanhbd@smp.udn.vn', 'Smpudn2022', 'Bùi Đông Khanh', '02594472250', b'1', 'SMP'),
('khanhbk.22ba@vku.udn.vn', 'Vkuudn2022', 'Bùi Kiều Khánh', '07026839057', b'1', 'VKU'),
('khanhbm.22it@vku.udn.vn', 'Vkuudn2022', 'Bùi My Khánh', '08794563317', b'1', 'VKU'),
('khanhdc.22it@vku.udn.vn', 'Vkuudn2022', 'Đặng Châu Khánh', '02686419862', b'1', 'VKU'),
('khanhdd.22it@vku.udn.vn', 'Vkuudn2022', 'Đỗ Dung Khánh', '03294717903', b'1', 'VKU'),
('khanhdh.22it@vku.udn.vn', 'Vkuudn2022', 'Đặng Hậu Khanh', '09079254713', b'1', 'VKU'),
('khanhdk.22git@vku.udn.vn', 'Vkuudn2022', 'Dương Kim Khánh', '04538134146', b'1', 'VKU'),
('khanhdt.22it@vku.udn.vn', 'Vkuudn2022', 'Đỗ Tâm Khanh', '03026310719', b'1', 'VKU'),
('khanhdt@smp.udn.vn', 'Smpudn2022', 'Dương Trà Khanh', '05303441931', b'1', 'SMP'),
('khanhdv.22it@vku.udn.vn', 'Vkuudn2022', 'Đỗ Vương Khanh', '02750113100', b'1', 'VKU'),
('khanhhh.22it@vku.udn.vn', 'Vkuudn2022', 'Huỳnh Hoàng Khanh', '02564468760', b'1', 'VKU'),
('khanhhl.22gba@vku.udn.vn', 'Vkuudn2022', 'Hoàng Lam Khanh', '05586406585', b'1', 'VKU'),
('khanhhn.22it@vku.udn.vn', 'Vkuudn2022', 'Hoàng Nhã Khanh', '08866528928', b'1', 'VKU'),
('khanhhn@smp.udn.vn', 'Smpudn2022', 'Hồ Nguyệt Khánh', '07277013671', b'1', 'SMP'),
('khanhht.22it@vku.udn.vn', 'Vkuudn2022', 'Huỳnh Tấn Khanh', '09177921295', b'1', 'VKU'),
('khanhhv.22it@vku.udn.vn', 'Vkuudn2022', 'Hoàng Vân Khánh', '05356717522', b'1', 'VKU'),
('khanhlh.22it@vku.udn.vn', 'Vkuudn2022', 'Lý Huyền Khanh', '04923013204', b'1', 'VKU'),
('khanhls.22ba@vku.udn.vn', 'Vkuudn2022', 'Lê Sang Khánh', '06544196764', b'1', 'VKU'),
('khanhlt.22it@vku.udn.vn', 'Vkuudn2022', 'Lý Thúy Khanh', '08643365253', b'1', 'VKU'),
('khanhn.22ba@vku.udn.vn', 'Vkuudn2022', 'Nhung Khanh', '08833681221', b'1', 'VKU'),
('khanhna.22it@vku.udn.vn', 'Vkuudn2022', 'Ngô An Khánh', '03078301254', b'1', 'VKU'),
('khanhnh.22gba@vku.udn.vn', 'Vkuudn2022', 'Ngô Hà Khánh', '06864044710', b'1', 'VKU'),
('khanhnh.22it@vku.udn.vn', 'Vkuudn2022', 'Ngô Hiệp Khanh', '00650532635', b'1', 'VKU'),
('khanhnk@smp.udn.vn', 'Smpudn2022', 'Nguyễn Khánh Khánh', '01987647908', b'1', 'SMP'),
('khanhnn@smp.udn.vn', 'Smpudn2022', 'Ngô Ngân Khanh', '01236683130', b'1', 'SMP'),
('khanhnp.22it@vku.udn.vn', 'Vkuudn2022', 'Nguyễn Phượng Khanh', '03711934975', b'1', 'VKU'),
('khanhnt.22gba@vku.udn.vn', 'Vkuudn2022', 'Ngô Thịnh Khánh', '09499732891', b'1', 'VKU'),
('khanhpb.22gba@vku.udn.vn', 'Vkuudn2022', 'Phan Bình Khanh', '05960069583', b'1', 'VKU'),
('khanhpd.22it@vku.udn.vn', 'Vkuudn2022', 'Phạm Đào Khanh', '02958395995', b'1', 'VKU'),
('khanhph.22it@vku.udn.vn', 'Vkuudn2022', 'Phan Hà Khanh', '06953396099', b'1', 'VKU'),
('khanhpt.22it@vku.udn.vn', 'Vkuudn2022', 'Phạm Tài Khanh', '05622484464', b'1', 'VKU'),
('khanhth.22gba@vku.udn.vn', 'Vkuudn2022', 'Trần Hà Khánh', '00789251847', b'1', 'VKU'),
('khanhtn.22it@vku.udn.vn', 'Vkuudn2022', 'Trần Nam Khánh', '02239699331', b'1', 'VKU'),
('khanhvh@smp.udn.vn', 'Smpudn2022', 'Vũ Hiếu Khánh', '09975765934', b'1', 'SMP'),
('khanhvt@smp.udn.vn', 'Smpudn2022', 'Võ Thái Khánh', '08553392222', b'1', 'SMP'),
('khanl.22ba@vku.udn.vn', 'Vkuudn2022', 'Ngô Lan Kha', '03098162980', b'0', 'VKU'),
('khanl.22it@vku.udn.vn', 'Vkuudn2022', 'Ngô Loan Kha', '06435776154', b'0', 'VKU'),
('khavk.22it@vku.udn.vn', 'Vkuudn2022', 'Vũ Khanh Kha', '04008275990', b'0', 'VKU'),
('khiemdh@smp.udn.vn', 'Smpudn2022', 'Dương Huyền Khiêm', '01351859284', b'0', 'SMP'),
('khiemdp.22git@vku.udn.vn', 'Vkuudn2022', 'Dương Phú Khiêm', '01476756926', b'0', 'VKU'),
('khiemhh.22git@vku.udn.vn', 'Vkuudn2022', 'Hoàng Hậu Khiêm', '09861340888', b'0', 'VKU'),
('khiemhn.22ba@vku.udn.vn', 'Vkuudn2022', 'Hoàng Ngân Khiêm', '04537620309', b'0', 'VKU'),
('khiemht.22it@vku.udn.vn', 'Vkuudn2022', 'Hoàng Trúc Khiêm', '02308589233', b'0', 'VKU'),
('khiemhv.22it@vku.udn.vn', 'Vkuudn2022', 'Hoàng Vỹ Khiêm', '09596467349', b'0', 'VKU'),
('khiemk.22git@vku.udn.vn', 'Vkuudn2022', 'Kiều Khiêm', '08807619850', b'0', 'VKU'),
('khiempn.22it@vku.udn.vn', 'Vkuudn2022', 'Phạm Nhàn Khiêm', '07436340181', b'0', 'VKU'),
('khiemth.22it@vku.udn.vn', 'Vkuudn2022', 'Trần Hồng Khiêm', '03210126560', b'0', 'VKU'),
('khiemtv.22it@vku.udn.vn', 'Vkuudn2022', 'Trần Vương Khiêm', '09382046176', b'0', 'VKU'),
('khiemvd.22git@vku.udn.vn', 'Vkuudn2022', 'Võ Đại Khiêm', '07660656089', b'0', 'VKU'),
('khiemvn.22it@vku.udn.vn', 'Vkuudn2022', 'Vũ Nguyệt Khiêm', '05732296243', b'0', 'VKU'),
('khoaht.22git@vku.udn.vn', 'Vkuudn2022', 'Hoàng Tuấn Khoa', '04663822393', b'0', 'VKU'),
('khoan.22git@vku.udn.vn', 'Vkuudn2022', 'Ngọc Khoa', '03749130354', b'0', 'VKU'),
('khoanm.22it@vku.udn.vn', 'Vkuudn2022', 'Ngô Mai Khoa', '05520316769', b'0', 'VKU'),
('khoanq.22it@vku.udn.vn', 'Vkuudn2022', 'Nguyễn Quân Khoa', '07627411609', b'0', 'VKU'),
('khoatd@smp.udn.vn', 'Smpudn2022', 'Trần Doanh Khoa', '01003939736', b'0', 'SMP'),
('khoibk.22it@vku.udn.vn', 'Vkuudn2022', 'Bùi Kha Khôi', '09842252221', b'0', 'VKU'),
('khoipn.22it@vku.udn.vn', 'Vkuudn2022', 'Phan Nghi Khôi', '02102739708', b'0', 'VKU'),
('khuedl.22it@vku.udn.vn', 'Vkuudn2022', 'Đỗ Linh Khuê', '06004731588', b'1', 'VKU'),
('khuelt.22it@vku.udn.vn', 'Vkuudn2022', 'Lê Tuấn Khuê', '02060826877', b'1', 'VKU'),
('khuevt.22ba@vku.udn.vn', 'Vkuudn2022', 'Vũ Tuấn Khuê', '07823089267', b'1', 'VKU'),
('kienhk.22it@vku.udn.vn', 'Vkuudn2022', 'Hoàng Khánh Kiên', '05539133983', b'0', 'VKU'),
('kienht.22gba@vku.udn.vn', 'Vkuudn2022', 'Hồ Trọng Kiên', '07185173322', b'0', 'VKU'),
('kienht.22it@vku.udn.vn', 'Vkuudn2022', 'Hồ Thi Kiên', '08730563629', b'0', 'VKU'),
('kienld.22git@vku.udn.vn', 'Vkuudn2022', 'Lê Đăng Kiên', '05201449714', b'0', 'VKU'),
('kienlt@smp.udn.vn', 'Smpudn2022', 'Lê Thanh Kiên', '06604850352', b'0', 'SMP'),
('kienng.22git@vku.udn.vn', 'Vkuudn2022', 'Ngô Giang Kiên', '09096023803', b'0', 'VKU'),
('kiennh.22it@vku.udn.vn', 'Vkuudn2022', 'Ngô Hiền Kiên', '06116511612', b'0', 'VKU'),
('kietdp.22it@vku.udn.vn', 'Vkuudn2022', 'Dương Phước Kiệt', '05877089449', b'0', 'VKU'),
('kietha.22it@vku.udn.vn', 'Vkuudn2022', 'Hoàng An Kiệt', '09712341410', b'0', 'VKU'),
('kiethl.22git@vku.udn.vn', 'Vkuudn2022', 'Huỳnh Liên Kiệt', '02572842775', b'0', 'VKU'),
('kiethp.22gba@vku.udn.vn', 'Vkuudn2022', 'Hồ Phúc Kiệt', '02461602858', b'0', 'VKU'),
('kietlk.22it@vku.udn.vn', 'Vkuudn2022', 'Lý Khanh Kiệt', '08175882325', b'0', 'VKU'),
('kietnl.22ba@vku.udn.vn', 'Vkuudn2022', 'Ngô Linh Kiệt', '08026393785', b'0', 'VKU'),
('kietnx.22it@vku.udn.vn', 'Vkuudn2022', 'Ngô Xuân Kiệt', '07876543227', b'0', 'VKU'),
('kietpk.22git@vku.udn.vn', 'Vkuudn2022', 'Phạm Khanh Kiệt', '07344300590', b'0', 'VKU'),
('kieuhd@smp.udn.vn', 'Smpudn2022', 'Hồ Đăng Kiều', '06837970822', b'1', 'SMP'),
('kieuhl.22it@vku.udn.vn', 'Vkuudn2022', 'Huỳnh Loan Kiều', '02138580219', b'1', 'VKU'),
('kieuhm@smp.udn.vn', 'Smpudn2022', 'Hồ My Kiều', '03952297138', b'1', 'SMP'),
('kieuln@smp.udn.vn', 'Smpudn2022', 'Lý Nhựt Kiều', '07064187217', b'1', 'SMP'),
('kieunb.22it@vku.udn.vn', 'Vkuudn2022', 'Nguyễn Bình Kiều', '07939996004', b'1', 'VKU'),
('kieuvl.22gba@vku.udn.vn', 'Vkuudn2022', 'Võ Lộc Kiều', '07648195529', b'1', 'VKU'),
('kimdt.22it@vku.udn.vn', 'Vkuudn2022', 'Đỗ Thúy Kim', '04080556657', b'1', 'VKU'),
('kimhd.22it@vku.udn.vn', 'Vkuudn2022', 'Huỳnh Diệu Kim', '03028522762', b'1', 'VKU'),
('kimhl.22it@vku.udn.vn', 'Vkuudn2022', 'Hoàng Lam Kim', '04807845424', b'1', 'VKU'),
('kimhn.22it@vku.udn.vn', 'Vkuudn2022', 'Hoàng Nghi Kim', '04819630153', b'1', 'VKU'),
('kimln@smp.udn.vn', 'Smpudn2022', 'Lý Nam Kim', '07378311462', b'1', 'SMP'),
('kimnd.22it@vku.udn.vn', 'Vkuudn2022', 'Nguyễn Duy Kim', '09638943093', b'1', 'VKU'),
('kimnv.22gba@vku.udn.vn', 'Vkuudn2022', 'Ngô Văn Kim', '04469521065', b'1', 'VKU'),
('kimth.22it@vku.udn.vn', 'Vkuudn2022', 'Trần Hiếu Kim', '07524481681', b'1', 'VKU'),
('kimvb.22it@vku.udn.vn', 'Vkuudn2022', 'Vũ Bình Kim', '02675597188', b'1', 'VKU'),
('kimvh.22gba@vku.udn.vn', 'Vkuudn2022', 'Vũ Hạnh Kim', '08288593048', b'1', 'VKU'),
('kimvt.22it@vku.udn.vn', 'Vkuudn2022', 'Võ Tiên Kim', '07599420749', b'1', 'VKU'),
('kybt.22it@vku.udn.vn', 'Vkuudn2022', 'Bùi Tường Kỳ', '05360733252', b'1', 'VKU'),
('kyd@smp.udn.vn', 'Smpudn2022', 'Duy Kỳ', '08315478428', b'1', 'SMP'),
('kydh@smp.udn.vn', 'Smpudn2022', 'Đỗ Hậu Kỳ', '06625293643', b'1', 'SMP'),
('kydl@smp.udn.vn', 'Smpudn2022', 'Đỗ Ly Kỳ', '08074530868', b'1', 'SMP'),
('kydn.22gba@vku.udn.vn', 'Vkuudn2022', 'Dương Ngọc Kỳ', '05652820927', b'1', 'VKU'),
('kydv.22it@vku.udn.vn', 'Vkuudn2022', 'Đỗ Vĩ Kỳ', '08788585000', b'1', 'VKU'),
('kyh.22it@vku.udn.vn', 'Vkuudn2022', 'Hiệp Kỳ', '02521895644', b'1', 'VKU'),
('kyhd.22ba@vku.udn.vn', 'Vkuudn2022', 'Huỳnh Đăng Kỳ', '02097669930', b'1', 'VKU'),
('kyhh.22git@vku.udn.vn', 'Vkuudn2022', 'Hồ Hiếu Kỳ', '04725373028', b'1', 'VKU'),
('kyht.22it@vku.udn.vn', 'Vkuudn2022', 'Hoàng Tường Kỳ', '06399292484', b'1', 'VKU'),
('kylt.22it@vku.udn.vn', 'Vkuudn2022', 'Lý Thông Kỳ', '04195587226', b'1', 'VKU'),
('kyn.22ba@vku.udn.vn', 'Vkuudn2022', 'Nam Kỳ', '01571948251', b'1', 'VKU'),
('kynk.22gba@vku.udn.vn', 'Vkuudn2022', 'Nguyễn Khải Kỳ', '00161830578', b'1', 'VKU'),
('kynq.22it@vku.udn.vn', 'Vkuudn2022', 'Nguyễn Quý Kỳ', '08507067969', b'1', 'VKU'),
('kypn.22gba@vku.udn.vn', 'Vkuudn2022', 'Phạm Ngọc Kỳ', '05754886197', b'1', 'VKU'),
('kytb.22git@vku.udn.vn', 'Vkuudn2022', 'Trần Bình Kỳ', '01488092477', b'1', 'VKU'),
('kyvk@smp.udn.vn', 'Smpudn2022', 'Võ Khánh Kỳ', '05720245372', b'1', 'SMP'),
('lamb.22it@vku.udn.vn', 'Vkuudn2022', 'Bùi  Lâm', '00816172424', b'1', 'VKU'),
('lamdl@smp.udn.vn', 'Smpudn2022', 'Dương Lam Lâm', '00327602552', b'1', 'SMP'),
('lamdp.22gba@vku.udn.vn', 'Vkuudn2022', 'Đặng Phát Lâm', '05753870873', b'1', 'VKU'),
('lamdp@smp.udn.vn', 'Smpudn2022', 'Đặng Phong Lâm', '00032297250', b'1', 'SMP'),
('lamdq.22it@vku.udn.vn', 'Vkuudn2022', 'Dương Quân Lam', '07807869304', b'1', 'VKU'),
('lamdv.22it@vku.udn.vn', 'Vkuudn2022', 'Đặng Vy Lâm', '09560203911', b'1', 'VKU'),
('lamha.22git@vku.udn.vn', 'Vkuudn2022', 'Huỳnh An Lâm', '05733279580', b'1', 'VKU'),
('lamhd.22it@vku.udn.vn', 'Vkuudn2022', 'Huỳnh Di Lâm', '00317358416', b'1', 'VKU'),
('lamhh.22git@vku.udn.vn', 'Vkuudn2022', 'Huỳnh Huyền Lâm', '03746039797', b'1', 'VKU'),
('lamhh.22it@vku.udn.vn', 'Vkuudn2022', 'Huỳnh Hà Lâm', '05959359659', b'1', 'VKU'),
('lamhm.22it@vku.udn.vn', 'Vkuudn2022', 'Hoàng My Lâm', '00847882755', b'1', 'VKU'),
('lamhp.22git@vku.udn.vn', 'Vkuudn2022', 'Hoàng Phước Lâm', '03903457838', b'1', 'VKU'),
('lamln.22git@vku.udn.vn', 'Vkuudn2022', 'Lý Nghi Lâm', '00609796505', b'1', 'VKU'),
('lamlq.22it@vku.udn.vn', 'Vkuudn2022', 'Lý Quân Lam', '04259460147', b'1', 'VKU'),
('lamlt.22it@vku.udn.vn', 'Vkuudn2022', 'Lý Trường Lam', '08721262008', b'1', 'VKU'),
('lamno@smp.udn.vn', 'Smpudn2022', 'Nguyễn Oanh Lam', '03885759573', b'1', 'SMP'),
('lamnq.22gba@vku.udn.vn', 'Vkuudn2022', 'Ngô Quý Lam', '00534167408', b'1', 'VKU'),
('lamnt.22it@vku.udn.vn', 'Vkuudn2022', 'Ngô Tuấn Lâm', '01612967702', b'1', 'VKU'),
('lampa.22it@vku.udn.vn', 'Vkuudn2022', 'Phan An Lam', '02343400887', b'1', 'VKU');
INSERT INTO `Students` (`StudentEmail`, `Password`, `Name`, `PhoneNumber`, `Gender`, `SchoolID`) VALUES
('lampn.22it@vku.udn.vn', 'Vkuudn2022', 'Phan Nam Lâm', '01385244626', b'1', 'VKU'),
('lampt.22gba@vku.udn.vn', 'Vkuudn2022', 'Phạm Trâm Lam', '00793443748', b'1', 'VKU'),
('lamtb@smp.udn.vn', 'Smpudn2022', 'Trần Bách Lâm', '05073347080', b'1', 'SMP'),
('lamtk.22it@vku.udn.vn', 'Vkuudn2022', 'Trần Khải Lâm', '03621663027', b'1', 'VKU'),
('lamvh.22gba@vku.udn.vn', 'Vkuudn2022', 'Vũ Huyền Lam', '06360571942', b'1', 'VKU'),
('lamvh.22it@vku.udn.vn', 'Vkuudn2022', 'Võ Hân Lâm', '03139518188', b'1', 'VKU'),
('lamvq@smp.udn.vn', 'Smpudn2022', 'Võ Quyên Lâm', '07043660505', b'1', 'SMP'),
('lamvt.22it@vku.udn.vn', 'Vkuudn2022', 'Vũ Tấn Lâm', '05256792034', b'1', 'VKU'),
('landa.22it@vku.udn.vn', 'Vkuudn2022', 'Đặng Anh Lan', '01692151316', b'1', 'VKU'),
('landh@smp.udn.vn', 'Smpudn2022', 'Đặng Hưng Lan', '02230081464', b'1', 'SMP'),
('landp.22it@vku.udn.vn', 'Vkuudn2022', 'Dương Phượng Lan', '01615485161', b'1', 'VKU'),
('landv.22it@vku.udn.vn', 'Vkuudn2022', 'Đặng Vỹ Lan', '09719400629', b'1', 'VKU'),
('lanhh.22gba@vku.udn.vn', 'Vkuudn2022', 'Hoàng Hùng Lan', '01473487809', b'1', 'VKU'),
('lanhp@smp.udn.vn', 'Smpudn2022', 'Huỳnh Phúc Lan', '02460980749', b'1', 'SMP'),
('lanlt.22it@vku.udn.vn', 'Vkuudn2022', 'Lý Trúc Lan', '06762877334', b'1', 'VKU'),
('lanno.22it@vku.udn.vn', 'Vkuudn2022', 'Nguyễn Oanh Lan', '07414711855', b'1', 'VKU'),
('lannq.22gba@vku.udn.vn', 'Vkuudn2022', 'Ngô Quyên Lan', '08623569147', b'1', 'VKU'),
('lannt.22it@vku.udn.vn', 'Vkuudn2022', 'Ngô Trúc Lan', '03971085593', b'1', 'VKU'),
('lanpk.22it@vku.udn.vn', 'Vkuudn2022', 'Phạm Khánh Lan', '02078432271', b'1', 'VKU'),
('lanpm.22it@vku.udn.vn', 'Vkuudn2022', 'Phan Minh Lan', '00132847966', b'1', 'VKU'),
('lanpt.22it@vku.udn.vn', 'Vkuudn2022', 'Phan Thư Lan', '09553362557', b'1', 'VKU'),
('lienbt.22it@vku.udn.vn', 'Vkuudn2022', 'Bùi Thắm Liên', '03046511870', b'1', 'VKU'),
('lienlh.22it@vku.udn.vn', 'Vkuudn2022', 'Lý Hùng Liên', '09378672702', b'1', 'VKU'),
('lienlk.22gba@vku.udn.vn', 'Vkuudn2022', 'Lê Khoa Liên', '03372710425', b'1', 'VKU'),
('liennn.22ba@vku.udn.vn', 'Vkuudn2022', 'Ngô Nguyên Liên', '09799749835', b'1', 'VKU'),
('lienpa.22gba@vku.udn.vn', 'Vkuudn2022', 'Phạm An Liên', '08760814851', b'1', 'VKU'),
('lienpc@smp.udn.vn', 'Smpudn2022', 'Phạm Công Liên', '05613380176', b'1', 'SMP'),
('lienvk.22it@vku.udn.vn', 'Vkuudn2022', 'Vũ Kim Liên', '01966455409', b'1', 'VKU'),
('lienvk@smp.udn.vn', 'Smpudn2022', 'Võ Khôi Liên', '04019591468', b'1', 'SMP'),
('lienvm.22it@vku.udn.vn', 'Vkuudn2022', 'Vũ Mạnh Liên', '03162698851', b'1', 'VKU'),
('linhdc.22it@vku.udn.vn', 'Vkuudn2022', 'Đỗ Công Linh', '07323597300', b'1', 'VKU'),
('linhdc@smp.udn.vn', 'Smpudn2022', 'Đỗ Châu Linh', '08231830496', b'1', 'SMP'),
('linhdn.22it@vku.udn.vn', 'Vkuudn2022', 'Đặng Nguyệt Linh', '00778933256', b'1', 'VKU'),
('linhdt.22git@vku.udn.vn', 'Vkuudn2022', 'Đặng Thanh Linh', '01330138740', b'1', 'VKU'),
('linhdt.22it@vku.udn.vn', 'Vkuudn2022', 'Đỗ Trí Linh', '00974287010', b'1', 'VKU'),
('linhhk.22it@vku.udn.vn', 'Vkuudn2022', 'Huỳnh Kha Linh', '09694809854', b'1', 'VKU'),
('linhht.22git@vku.udn.vn', 'Vkuudn2022', 'Huỳnh Thùy Linh', '00017314667', b'1', 'VKU'),
('linhht@smp.udn.vn', 'Smpudn2022', 'Hoàng Trâm Linh', '01441623789', b'1', 'SMP'),
('linhln.22it@vku.udn.vn', 'Vkuudn2022', 'Lý Nghi Linh', '00311241595', b'1', 'VKU'),
('linhnk.22gba@vku.udn.vn', 'Vkuudn2022', 'Ngô Khanh Linh', '03596056822', b'1', 'VKU'),
('linhnk.22git@vku.udn.vn', 'Vkuudn2022', 'Ngô Khanh Linh', '06878635081', b'1', 'VKU'),
('linhnn.22gba@vku.udn.vn', 'Vkuudn2022', 'Ngô Nhàn Linh', '05671548678', b'1', 'VKU'),
('linhnt.22git@vku.udn.vn', 'Vkuudn2022', 'Ngô Thanh Linh', '02682733453', b'1', 'VKU'),
('linhnv.22it@vku.udn.vn', 'Vkuudn2022', 'Ngô Văn Linh', '09417129727', b'1', 'VKU'),
('linhpd.22it@vku.udn.vn', 'Vkuudn2022', 'Phan Đăng Linh', '07721231873', b'1', 'VKU'),
('linhpq.22ba@vku.udn.vn', 'Vkuudn2022', 'Phan Quý Linh', '08757363110', b'1', 'VKU'),
('linhtb.22it@vku.udn.vn', 'Vkuudn2022', 'Trần Bảo Linh', '09845022555', b'1', 'VKU'),
('linhvt.22it@vku.udn.vn', 'Vkuudn2022', 'Vũ Thắng Linh', '06617964716', b'1', 'VKU'),
('loandt.22it@vku.udn.vn', 'Vkuudn2022', 'Đỗ Tăng Loan', '00199567506', b'1', 'VKU'),
('loanht.22it@vku.udn.vn', 'Vkuudn2022', 'Huỳnh Tuyền Loan', '06329234510', b'1', 'VKU'),
('locbd.22it@vku.udn.vn', 'Vkuudn2022', 'Bùi Đào Lộc', '09454427689', b'0', 'VKU'),
('locdt@smp.udn.vn', 'Smpudn2022', 'Đặng Trân Lộc', '06838224327', b'0', 'SMP'),
('loch.22it@vku.udn.vn', 'Vkuudn2022', 'Hùng Lộc', '01576787818', b'0', 'VKU'),
('lochh.22it@vku.udn.vn', 'Vkuudn2022', 'Hồ Hiếu Lộc', '04060771866', b'0', 'VKU'),
('loclp.22it@vku.udn.vn', 'Vkuudn2022', 'Lý Phi Lộc', '06498344176', b'0', 'VKU'),
('locls.22it@vku.udn.vn', 'Vkuudn2022', 'Lý Sang Lộc', '04973837493', b'0', 'VKU'),
('locnh.22it@vku.udn.vn', 'Vkuudn2022', 'Ngô Hiền Lộc', '06564890978', b'0', 'VKU'),
('locph.22ba@vku.udn.vn', 'Vkuudn2022', 'Phạm Hào Lộc', '01071884187', b'0', 'VKU'),
('locvk.22it@vku.udn.vn', 'Vkuudn2022', 'Vũ Khanh Lộc', '08275284188', b'0', 'VKU'),
('loibl.22it@vku.udn.vn', 'Vkuudn2022', 'Bùi Lâm Lợi', '02679938614', b'0', 'VKU'),
('loidt.22git@vku.udn.vn', 'Vkuudn2022', 'Đặng Tú Lợi', '07463285132', b'0', 'VKU'),
('loidt.22it@vku.udn.vn', 'Vkuudn2022', 'Đỗ Tú Lợi', '04030023350', b'0', 'VKU'),
('loidu.22it@vku.udn.vn', 'Vkuudn2022', 'Đỗ Uyên Lợi', '06152596918', b'0', 'VKU'),
('loihb.22gba@vku.udn.vn', 'Vkuudn2022', 'Hồ Bích Lợi', '06655082525', b'0', 'VKU'),
('loiht.22it@vku.udn.vn', 'Vkuudn2022', 'Hồ Thịnh Lợi', '01174961267', b'0', 'VKU'),
('loil.22it@vku.udn.vn', 'Vkuudn2022', 'Lợi Lợi', '08214249847', b'0', 'VKU'),
('loinq.22it@vku.udn.vn', 'Vkuudn2022', 'Ngô Quý Lợi', '06428957563', b'0', 'VKU'),
('loipd.22gba@vku.udn.vn', 'Vkuudn2022', 'Phạm Duyên Lợi', '06554829319', b'0', 'VKU'),
('loivt.22it@vku.udn.vn', 'Vkuudn2022', 'Võ Tuyết Lợi', '04145592788', b'0', 'VKU'),
('longdt.22gba@vku.udn.vn', 'Vkuudn2022', 'Đặng Thư Long', '08217712222', b'0', 'VKU'),
('longhp.22it@vku.udn.vn', 'Vkuudn2022', 'Hồ Phong Long', '04775103246', b'0', 'VKU'),
('longlk.22git@vku.udn.vn', 'Vkuudn2022', 'Lê Kỳ Long', '07550629853', b'0', 'VKU'),
('longlk.22it@vku.udn.vn', 'Vkuudn2022', 'Lý Khanh Long', '06748616936', b'0', 'VKU'),
('longnp.22ba@vku.udn.vn', 'Vkuudn2022', 'Ngô Phúc Long', '00151781390', b'0', 'VKU'),
('luanbd.22it@vku.udn.vn', 'Vkuudn2022', 'Bùi Đào Luân', '09037174756', b'0', 'VKU'),
('luandn@smp.udn.vn', 'Smpudn2022', 'Dương Nghĩa Luân', '08837826268', b'0', 'SMP'),
('luandt.22it@vku.udn.vn', 'Vkuudn2022', 'Đặng Tuyết Luân', '02385289618', b'0', 'VKU'),
('luanhn.22git@vku.udn.vn', 'Vkuudn2022', 'Huỳnh Như Luân', '02942876595', b'0', 'VKU'),
('luanlo.22git@vku.udn.vn', 'Vkuudn2022', 'Lê Oanh Luân', '01466540628', b'0', 'VKU'),
('luanlt@smp.udn.vn', 'Smpudn2022', 'Lý Tuệ Luân', '01365986455', b'0', 'SMP'),
('luannq.22ba@vku.udn.vn', 'Vkuudn2022', 'Ngô Quân Luân', '03590842009', b'0', 'VKU'),
('luannq.22it@vku.udn.vn', 'Vkuudn2022', 'Ngô Quyên Luân', '09660180518', b'0', 'VKU'),
('luanpk@smp.udn.vn', 'Smpudn2022', 'Phạm Kỳ Luân', '05967668498', b'0', 'SMP'),
('luantk.22gba@vku.udn.vn', 'Vkuudn2022', 'Trần Kha Luân', '00906336817', b'0', 'VKU'),
('luantt.22gba@vku.udn.vn', 'Vkuudn2022', 'Trần Tuấn Luân', '04305941877', b'0', 'VKU'),
('lydd.22git@vku.udn.vn', 'Vkuudn2022', 'Dương Đăng Ly', '00791165318', b'1', 'VKU'),
('lydh.22gba@vku.udn.vn', 'Vkuudn2022', 'Đỗ Huy Ly', '00849785140', b'1', 'VKU'),
('lylt.22it@vku.udn.vn', 'Vkuudn2022', 'Lý Trân Ly', '03561696582', b'1', 'VKU'),
('lynh.22git@vku.udn.vn', 'Vkuudn2022', 'Ngô Hoa Ly', '05126541954', b'1', 'VKU'),
('lynh.22it@vku.udn.vn', 'Vkuudn2022', 'Nguyễn Hiếu Ly', '01482267903', b'1', 'VKU'),
('lyvd.22git@vku.udn.vn', 'Vkuudn2022', 'Võ Danh Ly', '04778549759', b'1', 'VKU'),
('maidt.22it@vku.udn.vn', 'Vkuudn2022', 'Dương Trân Mai', '08171381035', b'1', 'VKU'),
('maihk.22it@vku.udn.vn', 'Vkuudn2022', 'Hồ Kỳ Mai', '09855060538', b'1', 'VKU'),
('mainh@smp.udn.vn', 'Smpudn2022', 'Nguyễn Huy Mai', '00710928432', b'1', 'SMP'),
('maipn.22it@vku.udn.vn', 'Vkuudn2022', 'Phạm Nhã Mai', '01428606081', b'1', 'VKU'),
('maipt.22it@vku.udn.vn', 'Vkuudn2022', 'Phạm Tài Mai', '09659094121', b'1', 'VKU'),
('manda.22it@vku.udn.vn', 'Vkuudn2022', 'Đặng Ân Mẫn', '04765030174', b'1', 'VKU'),
('mandl.22gba@vku.udn.vn', 'Vkuudn2022', 'Đỗ Linh Mẫn', '04073996110', b'1', 'VKU'),
('mandq.22it@vku.udn.vn', 'Vkuudn2022', 'Đặng Quốc Mẫn', '06237425931', b'1', 'VKU'),
('manhbt.22it@vku.udn.vn', 'Vkuudn2022', 'Bùi Trường Mạnh', '07520202787', b'0', 'VKU'),
('manhd.22it@vku.udn.vn', 'Vkuudn2022', 'Huỳnh Dương Mẫn', '01706931013', b'1', 'VKU'),
('manhhc.22git@vku.udn.vn', 'Vkuudn2022', 'Hoàng Cường Mạnh', '02148668965', b'0', 'VKU'),
('manhhd.22it@vku.udn.vn', 'Vkuudn2022', 'Hoàng Dương Mạnh', '04348211281', b'0', 'VKU'),
('manhht.22it@vku.udn.vn', 'Vkuudn2022', 'Hồ Tú Mạnh', '09904343017', b'0', 'VKU'),
('manhnc.22it@vku.udn.vn', 'Vkuudn2022', 'Nguyễn Công Mạnh', '05828688771', b'0', 'VKU'),
('manhnd.22it@vku.udn.vn', 'Vkuudn2022', 'Ngô Danh Mạnh', '06221225204', b'0', 'VKU'),
('manhnh.22it@vku.udn.vn', 'Vkuudn2022', 'Ngô Hạnh Mạnh', '06485211766', b'0', 'VKU'),
('manhnl.22it@vku.udn.vn', 'Vkuudn2022', 'Nguyễn Linh Mạnh', '01426592983', b'0', 'VKU'),
('manhq.22it@vku.udn.vn', 'Vkuudn2022', 'Hồ Quý Mẫn', '06058532366', b'1', 'VKU'),
('manht.22it@vku.udn.vn', 'Vkuudn2022', 'Hồ Trà Mẫn', '01097122332', b'1', 'VKU'),
('manhv.22it@vku.udn.vn', 'Vkuudn2022', 'Vi Mạnh', '00813038335', b'0', 'VKU'),
('manhvh.22it@vku.udn.vn', 'Vkuudn2022', 'Võ Hiếu Mạnh', '09632414544', b'0', 'VKU'),
('mannk.22it@vku.udn.vn', 'Vkuudn2022', 'Ngô Kỳ Mẫn', '03889766413', b'1', 'VKU'),
('mannm.22gba@vku.udn.vn', 'Vkuudn2022', 'Ngô Mỹ Mẫn', '09096809189', b'1', 'VKU'),
('mannp.22gba@vku.udn.vn', 'Vkuudn2022', 'Nguyễn Phúc Mẫn', '01594418893', b'1', 'VKU'),
('manvl.22git@vku.udn.vn', 'Vkuudn2022', 'Vũ Linh Mẫn', '08080290846', b'1', 'VKU'),
('manvt@smp.udn.vn', 'Smpudn2022', 'Vũ Thiên Mẫn', '04770788775', b'1', 'SMP'),
('mibn.22it@vku.udn.vn', 'Vkuudn2022', 'Bùi Nhựt Mi', '04148594791', b'1', 'VKU'),
('midb.22it@vku.udn.vn', 'Vkuudn2022', 'Dương Bích Mi', '06023996114', b'1', 'VKU'),
('midm.22git@vku.udn.vn', 'Vkuudn2022', 'Đỗ Mạnh Mi', '00847567324', b'1', 'VKU'),
('midt.22gba@vku.udn.vn', 'Vkuudn2022', 'Đỗ Trâm Mi', '07577070043', b'1', 'VKU'),
('midt.22it@vku.udn.vn', 'Vkuudn2022', 'Dương Thiên Mi', '08901112778', b'1', 'VKU'),
('mihd.22git@vku.udn.vn', 'Vkuudn2022', 'Hoàng Diễm Mi', '04691831896', b'1', 'VKU'),
('mihd.22it@vku.udn.vn', 'Vkuudn2022', 'Hoàng Danh Mi', '00419692138', b'1', 'VKU'),
('mihk.22it@vku.udn.vn', 'Vkuudn2022', 'Hoàng Khanh Mi', '01028199832', b'1', 'VKU'),
('mihl.22it@vku.udn.vn', 'Vkuudn2022', 'Huỳnh Lợi Mi', '02614404177', b'1', 'VKU'),
('milg@smp.udn.vn', 'Smpudn2022', 'Lý Giang Mi', '08528834458', b'1', 'SMP'),
('min.22it@vku.udn.vn', 'Vkuudn2022', 'Ngô  Mi', '00552887891', b'1', 'VKU'),
('minhbt@smp.udn.vn', 'Smpudn2022', 'Bùi Trúc Minh', '02613606461', b'1', 'SMP'),
('minhd.22git@vku.udn.vn', 'Vkuudn2022', 'Dương  Minh', '05156758247', b'1', 'VKU'),
('minhdm.22gba@vku.udn.vn', 'Vkuudn2022', 'Đỗ Minh Minh', '05596792411', b'1', 'VKU'),
('minhhh.22ba@vku.udn.vn', 'Vkuudn2022', 'Hoàng Hồng Minh', '03399514308', b'1', 'VKU'),
('minhhm.22it@vku.udn.vn', 'Vkuudn2022', 'Huỳnh Minh Minh', '09682233463', b'1', 'VKU'),
('minhhn.22it@vku.udn.vn', 'Vkuudn2022', 'Huỳnh Nhi Minh', '05761530165', b'1', 'VKU'),
('minhhp.22gba@vku.udn.vn', 'Vkuudn2022', 'Hoàng Phong Minh', '03948728685', b'1', 'VKU'),
('minhlv.22it@vku.udn.vn', 'Vkuudn2022', 'Lý Vy Minh', '01535806657', b'1', 'VKU'),
('minhnl.22ba@vku.udn.vn', 'Vkuudn2022', 'Nguyễn Loan Minh', '00892629294', b'1', 'VKU'),
('minhtl@smp.udn.vn', 'Smpudn2022', 'Trần Lâm Minh', '05342338709', b'1', 'SMP'),
('mint@smp.udn.vn', 'Smpudn2022', 'Nguyễn Tuyết Mi', '00085992079', b'1', 'SMP'),
('mipp.22it@vku.udn.vn', 'Vkuudn2022', 'Phan Phượng Mi', '01866937634', b'1', 'VKU'),
('mipv.22it@vku.udn.vn', 'Vkuudn2022', 'Phạm Vân Mi', '04493938567', b'1', 'VKU'),
('mipy.22it@vku.udn.vn', 'Vkuudn2022', 'Phạm Yến Mi', '03301421506', b'1', 'VKU'),
('myhk.22it@vku.udn.vn', 'Vkuudn2022', 'Huỳnh Kha My', '03478874626', b'1', 'VKU'),
('myhl.22it@vku.udn.vn', 'Vkuudn2022', 'Hồ Long Mỹ', '03733300396', b'1', 'VKU'),
('myht@smp.udn.vn', 'Smpudn2022', 'Hoàng Tấn My', '01471165025', b'1', 'SMP'),
('myhy.22it@vku.udn.vn', 'Vkuudn2022', 'Hoàng Ý My', '04511377495', b'1', 'VKU'),
('mylb.22it@vku.udn.vn', 'Vkuudn2022', 'Lý Bảo My', '06698242630', b'1', 'VKU'),
('mytd@smp.udn.vn', 'Smpudn2022', 'Trần Đại Mỹ', '07648145651', b'1', 'SMP'),
('namdm.22ba@vku.udn.vn', 'Vkuudn2022', 'Dương Minh Nam', '07812318120', b'0', 'VKU'),
('namdn.22it@vku.udn.vn', 'Vkuudn2022', 'Đỗ Nhiên Nam', '03238205175', b'0', 'VKU'),
('namlb.22ba@vku.udn.vn', 'Vkuudn2022', 'Lê Băng Nam', '03335683275', b'0', 'VKU'),
('namnn.22gba@vku.udn.vn', 'Vkuudn2022', 'Nguyễn Nhã Nam', '08196812581', b'0', 'VKU'),
('nampd.22git@vku.udn.vn', 'Vkuudn2022', 'Phạm Đại Nam', '02512187812', b'0', 'VKU'),
('nampl.22it@vku.udn.vn', 'Vkuudn2022', 'Phạm Ly Nam', '00923570708', b'0', 'VKU'),
('namtl.22it@vku.udn.vn', 'Vkuudn2022', 'Trần Linh Nam', '05429450228', b'0', 'VKU'),
('namvb.22it@vku.udn.vn', 'Vkuudn2022', 'Võ Bình Nam', '09585007719', b'0', 'VKU'),
('ngandh.22it@vku.udn.vn', 'Vkuudn2022', 'Đặng Hân Ngân', '09863957877', b'1', 'VKU'),
('ngandn.22it@vku.udn.vn', 'Vkuudn2022', 'Đặng Nhàn Ngân', '06882119756', b'1', 'VKU'),
('nganh.22git@vku.udn.vn', 'Vkuudn2022', 'Nguyễn Hằng Nga', '03604922651', b'1', 'VKU'),
('nganld.22it@vku.udn.vn', 'Vkuudn2022', 'Lý Doanh Ngân', '04418510274', b'1', 'VKU'),
('nganll.22git@vku.udn.vn', 'Vkuudn2022', 'Lê Lâm Ngân', '03598660831', b'1', 'VKU'),
('nganlt.22gba@vku.udn.vn', 'Vkuudn2022', 'Lý Trí Ngân', '08486848069', b'1', 'VKU'),
('nganlt.22it@vku.udn.vn', 'Vkuudn2022', 'Lý Thắng Ngân', '05475352484', b'1', 'VKU'),
('nganpd.22it@vku.udn.vn', 'Vkuudn2022', 'Phan Đào Ngân', '08867404463', b'1', 'VKU'),
('nganpm.22it@vku.udn.vn', 'Vkuudn2022', 'Phan My Ngân', '03012703738', b'1', 'VKU'),
('nganpv.22it@vku.udn.vn', 'Vkuudn2022', 'Phạm Vỹ Ngân', '06646541852', b'1', 'VKU'),
('nganvc.22it@vku.udn.vn', 'Vkuudn2022', 'Võ Châu Ngân', '02426872539', b'1', 'VKU'),
('ngapn.22git@vku.udn.vn', 'Vkuudn2022', 'Phan Nhàn Nga', '04061213077', b'1', 'VKU'),
('ngath.22it@vku.udn.vn', 'Vkuudn2022', 'Trần Hằng Nga', '00296219879', b'1', 'VKU'),
('ngavb.22git@vku.udn.vn', 'Vkuudn2022', 'Võ Bảo Nga', '08643020716', b'1', 'VKU'),
('ngavn.22it@vku.udn.vn', 'Vkuudn2022', 'Vũ Nam Nga', '02854492790', b'1', 'VKU'),
('nghiadp.22it@vku.udn.vn', 'Vkuudn2022', 'Dương Phương Nghĩa', '06068412698', b'0', 'VKU'),
('nghiadq.22git@vku.udn.vn', 'Vkuudn2022', 'Đỗ Quân Nghĩa', '02666874588', b'0', 'VKU'),
('nghiahh@smp.udn.vn', 'Smpudn2022', 'Hoàng Hiển Nghĩa', '03807380981', b'0', 'SMP'),
('nghiahn.22git@vku.udn.vn', 'Vkuudn2022', 'Hoàng Ngân Nghĩa', '05909900166', b'0', 'VKU'),
('nghiaht.22it@vku.udn.vn', 'Vkuudn2022', 'Hoàng Tùng Nghĩa', '02612484109', b'0', 'VKU'),
('nghialt.22it@vku.udn.vn', 'Vkuudn2022', 'Lê Tín Nghĩa', '03355264834', b'0', 'VKU'),
('nghian.22it@vku.udn.vn', 'Vkuudn2022', 'Nghĩa Nghĩa', '08282269374', b'0', 'VKU'),
('nghianp.22ba@vku.udn.vn', 'Vkuudn2022', 'Nguyễn Phong Nghĩa', '06971290443', b'0', 'VKU'),
('nghianq.22it@vku.udn.vn', 'Vkuudn2022', 'Nguyễn Quốc Nghĩa', '00186611977', b'0', 'VKU'),
('nghiavn@smp.udn.vn', 'Smpudn2022', 'Vũ Nguyên Nghĩa', '05984539009', b'0', 'SMP'),
('nghid.22gba@vku.udn.vn', 'Vkuudn2022', 'Doanh Nghi', '02187635364', b'1', 'VKU'),
('nghidn.22it@vku.udn.vn', 'Vkuudn2022', 'Đặng Nghĩa Nghi', '00118395178', b'1', 'VKU'),
('nghipd.22git@vku.udn.vn', 'Vkuudn2022', 'Phạm Dương Nghi', '09128344953', b'1', 'VKU'),
('nghivt.22it@vku.udn.vn', 'Vkuudn2022', 'Vũ Thơ Nghi', '02029584079', b'1', 'VKU'),
('ngocbt.22git@vku.udn.vn', 'Vkuudn2022', 'Bùi Trọng Ngọc', '08408894942', b'1', 'VKU'),
('ngocdv.22ba@vku.udn.vn', 'Vkuudn2022', 'Dương Vũ Ngọc', '00836773248', b'1', 'VKU'),
('ngochk.22ba@vku.udn.vn', 'Vkuudn2022', 'Huỳnh Khuê Ngọc', '07320125459', b'1', 'VKU'),
('ngochp.22git@vku.udn.vn', 'Vkuudn2022', 'Huỳnh Phương Ngọc', '01519448881', b'1', 'VKU'),
('ngochs.22it@vku.udn.vn', 'Vkuudn2022', 'Hoàng Sơn Ngọc', '00952362621', b'1', 'VKU'),
('ngocht.22gba@vku.udn.vn', 'Vkuudn2022', 'Hoàng Thơ Ngọc', '04615150744', b'1', 'VKU'),
('ngochv.22it@vku.udn.vn', 'Vkuudn2022', 'Hoàng Vĩ Ngọc', '08804110496', b'1', 'VKU'),
('ngoclh.22it@vku.udn.vn', 'Vkuudn2022', 'Lê Hân Ngọc', '02415209931', b'1', 'VKU'),
('ngocna.22it@vku.udn.vn', 'Vkuudn2022', 'Ngô Anh Ngọc', '01355309706', b'1', 'VKU'),
('ngocnd.22it@vku.udn.vn', 'Vkuudn2022', 'Ngô Đại Ngọc', '01815408575', b'1', 'VKU'),
('ngocno.22ba@vku.udn.vn', 'Vkuudn2022', 'Ngô Oanh Ngọc', '04596518835', b'1', 'VKU'),
('ngocnp.22it@vku.udn.vn', 'Vkuudn2022', 'Ngô Phụng Ngọc', '00628447521', b'1', 'VKU'),
('ngocnt.22gba@vku.udn.vn', 'Vkuudn2022', 'Ngô Thư Ngọc', '04054322320', b'1', 'VKU'),
('ngocnv.22it@vku.udn.vn', 'Vkuudn2022', 'Ngô Vinh Ngọc', '08825799907', b'1', 'VKU'),
('ngocpl.22gba@vku.udn.vn', 'Vkuudn2022', 'Phạm Lợi Ngọc', '09206070594', b'1', 'VKU'),
('ngocpt.22it@vku.udn.vn', 'Vkuudn2022', 'Phan Thuận Ngọc', '06336383616', b'1', 'VKU'),
('ngocpy.22it@vku.udn.vn', 'Vkuudn2022', 'Phan Yến Ngọc', '08438971365', b'1', 'VKU'),
('ngoct@smp.udn.vn', 'Smpudn2022', 'Thuận Ngọc', '06635923937', b'1', 'SMP'),
('ngoctt.22it@vku.udn.vn', 'Vkuudn2022', 'Trần Thanh Ngọc', '00441422042', b'1', 'VKU'),
('ngocvk.22git@vku.udn.vn', 'Vkuudn2022', 'Võ Khuê Ngọc', '01083570560', b'1', 'VKU'),
('ngocvv.22gba@vku.udn.vn', 'Vkuudn2022', 'Vũ Văn Ngọc', '03563259444', b'1', 'VKU'),
('ngocvy@smp.udn.vn', 'Smpudn2022', 'Vũ Yến Ngọc', '04685436411', b'1', 'SMP'),
('nguyendl.22git@vku.udn.vn', 'Vkuudn2022', 'Đặng Loan Nguyên', '06857116730', b'1', 'VKU'),
('nguyenh.22it@vku.udn.vn', 'Vkuudn2022', 'Hùng Nguyên', '02189682725', b'1', 'VKU'),
('nguyenhb.22it@vku.udn.vn', 'Vkuudn2022', 'Hồ Bách Nguyên', '03496630702', b'1', 'VKU'),
('nguyenhk@smp.udn.vn', 'Smpudn2022', 'Hồ Kiệt Nguyên', '07694965609', b'1', 'SMP'),
('nguyenlk.22it@vku.udn.vn', 'Vkuudn2022', 'Lê Kỳ Nguyên', '02439555358', b'1', 'VKU'),
('nguyennd.22gba@vku.udn.vn', 'Vkuudn2022', 'Nguyễn Dương Nguyên', '08090260667', b'1', 'VKU'),
('nguyennt.22gba@vku.udn.vn', 'Vkuudn2022', 'Ngô Triết Nguyên', '01041510420', b'1', 'VKU'),
('nguyenpk@smp.udn.vn', 'Smpudn2022', 'Phạm Khôi Nguyên', '02073888948', b'1', 'SMP'),
('nguyenpp.22it@vku.udn.vn', 'Vkuudn2022', 'Phạm Phát Nguyên', '03537799186', b'1', 'VKU'),
('nguyenvp.22it@vku.udn.vn', 'Vkuudn2022', 'Võ Phong Nguyên', '04750005034', b'1', 'VKU'),
('nguyetdh.22ba@vku.udn.vn', 'Vkuudn2022', 'Dương Hương Nguyệt', '09210358520', b'1', 'VKU'),
('nguyethd.22it@vku.udn.vn', 'Vkuudn2022', 'Hoàng Dương Nguyệt', '00376122228', b'1', 'VKU'),
('nguyethd@smp.udn.vn', 'Smpudn2022', 'Hoàng Đạt Nguyệt', '06620717480', b'1', 'SMP'),
('nguyetnd.22git@vku.udn.vn', 'Vkuudn2022', 'Ngô Đăng Nguyệt', '02333511084', b'1', 'VKU'),
('nguyetpb.22gba@vku.udn.vn', 'Vkuudn2022', 'Phan Bích Nguyệt', '03191473553', b'1', 'VKU'),
('nguyetph.22it@vku.udn.vn', 'Vkuudn2022', 'Phạm Hân Nguyệt', '08388460062', b'1', 'VKU'),
('nguyetth.22it@vku.udn.vn', 'Vkuudn2022', 'Trần Hiếu Nguyệt', '02828077181', b'1', 'VKU'),
('nhabk.22gba@vku.udn.vn', 'Vkuudn2022', 'Bùi Kim Nhã', '09618399914', b'1', 'VKU'),
('nhahn.22it@vku.udn.vn', 'Vkuudn2022', 'Hồ Nhật Nhã', '02081170940', b'1', 'VKU'),
('nhalb.22gba@vku.udn.vn', 'Vkuudn2022', 'Lý Bách Nhã', '08167600100', b'1', 'VKU'),
('nhaly@smp.udn.vn', 'Smpudn2022', 'Lý Yến Nhã', '06137855887', b'1', 'SMP'),
('nhanbh.22ba@vku.udn.vn', 'Vkuudn2022', 'Bùi Hiếu Nhàn', '07399766737', b'1', 'VKU'),
('nhandk.22gba@vku.udn.vn', 'Vkuudn2022', 'Dương Kỳ Nhân', '08575945558', b'1', 'VKU'),
('nhanh.22it@vku.udn.vn', 'Vkuudn2022', 'Hào Nhân', '07981772785', b'1', 'VKU'),
('nhanhsb.22git@vku.udn.vn', 'BaoNhan123', 'Hồ Sỹ Bảo Nhân', '0845562771', b'0', 'VKU'),
('nhanht.22git@vku.udn.vn', 'Vkuudn2022', 'Hoàng Tấn Nhàn', '05722863117', b'1', 'VKU'),
('nhanht.22it@vku.udn.vn', 'Vkuudn2022', 'Huỳnh Thiên Nhân', '09371866581', b'1', 'VKU'),
('nhanht@smp.udn.vn', 'Smpudn2022', 'Hồ Toàn Nhàn', '09953393262', b'1', 'SMP'),
('nhanlv.22it@vku.udn.vn', 'Vkuudn2022', 'Lê Vinh Nhàn', '04805874517', b'1', 'VKU'),
('nhann.22it@vku.udn.vn', 'Vkuudn2022', 'Nguyễn Nhã Nhã', '01905874721', b'1', 'VKU'),
('nhannu.22git@vku.udn.vn', 'Vkuudn2022', 'Ngô Uyên Nhàn', '08516727130', b'1', 'VKU'),
('nhannv.22it@vku.udn.vn', 'Vkuudn2022', 'Ngô Vy Nhân', '08736858792', b'1', 'VKU'),
('nhanth.22it@vku.udn.vn', 'Vkuudn2022', 'Trần Hiếu Nhàn', '01114911578', b'1', 'VKU'),
('nhanvp.22it@vku.udn.vn', 'Vkuudn2022', 'Vũ Phú Nhàn', '05189753032', b'1', 'VKU'),
('nhanvt.22git@vku.udn.vn', 'Vkuudn2022', 'Võ Tuyết Nhân', '08013249963', b'1', 'VKU'),
('nhatdd@smp.udn.vn', 'Smpudn2022', 'Đặng Dương Nhật', '07315685702', b'0', 'SMP'),
('nhathv.22ba@vku.udn.vn', 'Vkuudn2022', 'Hoàng Vinh Nhật', '03869459009', b'0', 'VKU'),
('nhatnv.22ba@vku.udn.vn', 'Vkuudn2022', 'Nguyễn Vũ Nhật', '02584593424', b'0', 'VKU'),
('nhatnv.22it@vku.udn.vn', 'Vkuudn2022', 'Nguyễn Vinh Nhật', '01921662248', b'0', 'VKU'),
('nhatph.22it@vku.udn.vn', 'Vkuudn2022', 'Phạm Hải Nhật', '06390032396', b'0', 'VKU'),
('nhattt.22it@vku.udn.vn', 'Vkuudn2022', 'Trần Tấn Nhật', '03292316510', b'0', 'VKU'),
('nhidt.22git@vku.udn.vn', 'Vkuudn2022', 'Đặng Thuận Nhi', '00630418635', b'1', 'VKU'),
('nhienhd.22it@vku.udn.vn', 'Vkuudn2022', 'Hồ Danh Nhiên', '03418761206', b'1', 'VKU'),
('nhienhm.22it@vku.udn.vn', 'Vkuudn2022', 'Hồ Mỹ Nhiên', '01609907319', b'1', 'VKU'),
('nhienlk.22gba@vku.udn.vn', 'Vkuudn2022', 'Lê Khanh Nhiên', '08279720953', b'1', 'VKU'),
('nhiennc.22it@vku.udn.vn', 'Vkuudn2022', 'Ngô Chi Nhiên', '07508839778', b'1', 'VKU'),
('nhiennm.22git@vku.udn.vn', 'Vkuudn2022', 'Ngô Mẫn Nhiên', '09072442557', b'1', 'VKU'),
('nhiennn.22gba@vku.udn.vn', 'Vkuudn2022', 'Ngô Nhã Nhiên', '04109910627', b'1', 'VKU'),
('nhiennn.22it@vku.udn.vn', 'Vkuudn2022', 'Nguyễn Nhật Nhiên', '00593660464', b'1', 'VKU'),
('nhienpk.22git@vku.udn.vn', 'Vkuudn2022', 'Phạm Khôi Nhiên', '05347938234', b'1', 'VKU'),
('nhienpl.22gba@vku.udn.vn', 'Vkuudn2022', 'Phạm Lộc Nhiên', '02381231348', b'1', 'VKU'),
('nhint.22it@vku.udn.vn', 'Vkuudn2022', 'Ngô Thy Nhi', '01666847739', b'1', 'VKU'),
('nhubk.22gba@vku.udn.vn', 'Vkuudn2022', 'Bùi Kha Như', '09883344515', b'1', 'VKU'),
('nhubv.22gba@vku.udn.vn', 'Vkuudn2022', 'Bùi Vân Như', '08853851195', b'1', 'VKU'),
('nhuda.22it@vku.udn.vn', 'Vkuudn2022', 'Đỗ Anh Như', '04773137279', b'1', 'VKU'),
('nhudp.22gba@vku.udn.vn', 'Vkuudn2022', 'Đỗ Phượng Như', '03458883217', b'1', 'VKU'),
('nhudv.22gba@vku.udn.vn', 'Vkuudn2022', 'Đặng Vĩ Như', '05099309885', b'1', 'VKU'),
('nhulh.22ba@vku.udn.vn', 'Vkuudn2022', 'Lý Hoàng Như', '04517725120', b'1', 'VKU'),
('nhulk.22gba@vku.udn.vn', 'Vkuudn2022', 'Lê Kim Như', '05434140298', b'1', 'VKU'),
('nhunghh.22gba@vku.udn.vn', 'Vkuudn2022', 'Hồ Hiệp Nhung', '04710428242', b'1', 'VKU'),
('nhungll.22git@vku.udn.vn', 'Vkuudn2022', 'Lý Liên Nhung', '02313222009', b'1', 'VKU'),
('nhungvb.22it@vku.udn.vn', 'Vkuudn2022', 'Võ Bình Nhung', '03112876450', b'1', 'VKU'),
('nhungvt.22it@vku.udn.vn', 'Vkuudn2022', 'Võ Tuấn Nhung', '06168301196', b'1', 'VKU'),
('nhutbd.22it@vku.udn.vn', 'Vkuudn2022', 'Bùi Diệu Nhựt', '02739702519', b'0', 'VKU'),
('nhutbt@smp.udn.vn', 'Smpudn2022', 'Bùi Tài Nhựt', '07492662725', b'0', 'SMP'),
('nhutlh.22it@vku.udn.vn', 'Vkuudn2022', 'Lê Hùng Nhựt', '09522434891', b'0', 'VKU'),
('nhutlt.22ba@vku.udn.vn', 'Vkuudn2022', 'Lý Triết Nhựt', '03193931157', b'0', 'VKU'),
('nhutnl.22it@vku.udn.vn', 'Vkuudn2022', 'Nguyễn Linh Nhựt', '09484865674', b'0', 'VKU'),
('nhuttt.22it@vku.udn.vn', 'Vkuudn2022', 'Trần Thiện Nhựt', '05809162219', b'0', 'VKU'),
('nhuty.22ba@vku.udn.vn', 'Vkuudn2022', 'Ý Nhựt', '09639068053', b'0', 'VKU'),
('oanhhl.22git@vku.udn.vn', 'Vkuudn2022', 'Hồ Loan Oanh', '09635924382', b'1', 'VKU'),
('oanhhp@smp.udn.vn', 'Smpudn2022', 'Huỳnh Phương Oanh', '07256655316', b'1', 'SMP'),
('oanhht.22gba@vku.udn.vn', 'Vkuudn2022', 'Hồ Thương Oanh', '09996121210', b'1', 'VKU'),
('oanhht.22it@vku.udn.vn', 'Vkuudn2022', 'Hồ Tiên Oanh', '09236587053', b'1', 'VKU'),
('oanhnk.22git@vku.udn.vn', 'Vkuudn2022', 'Nguyễn Kỳ Oanh', '09339410601', b'1', 'VKU'),
('phatdl.22it@vku.udn.vn', 'Vkuudn2022', 'Dương Linh Phát', '06928077299', b'0', 'VKU'),
('phathn.22it@vku.udn.vn', 'Vkuudn2022', 'Hồ Nga Phát', '03173490204', b'0', 'VKU'),
('phaths.22it@vku.udn.vn', 'Vkuudn2022', 'Huỳnh Sang Phát', '06908079080', b'0', 'VKU'),
('phatlk.22it@vku.udn.vn', 'Vkuudn2022', 'Lê Kiều Phát', '05826990937', b'0', 'VKU'),
('phibt.22it@vku.udn.vn', 'Vkuudn2022', 'Bùi Thanh Phi', '09144820492', b'0', 'VKU'),
('phidn.22gba@vku.udn.vn', 'Vkuudn2022', 'Đặng Nhung Phi', '01906608324', b'0', 'VKU'),
('phiha.22ba@vku.udn.vn', 'Vkuudn2022', 'Hoàng Ánh Phi', '04953922925', b'0', 'VKU'),
('phiht.22ba@vku.udn.vn', 'Vkuudn2022', 'Hoàng Tiến Phi', '02866529493', b'0', 'VKU'),
('phila.22ba@vku.udn.vn', 'Vkuudn2022', 'Lê An Phi', '03501703346', b'0', 'VKU'),
('phinn.22it@vku.udn.vn', 'Vkuudn2022', 'Nguyễn Nghĩa Phi', '06680167193', b'0', 'VKU'),
('phipk.22git@vku.udn.vn', 'Vkuudn2022', 'Phạm Khanh Phi', '06951140870', b'0', 'VKU'),
('phipv.22it@vku.udn.vn', 'Vkuudn2022', 'Phan Văn Phi', '05882621235', b'0', 'VKU'),
('phongnd.22ba@vku.udn.vn', 'Vkuudn2022', 'Nguyễn Đăng Phong', '06185310986', b'0', 'VKU'),
('phongnp.22ba@vku.udn.vn', 'Vkuudn2022', 'Ngô Phú Phong', '08467312553', b'0', 'VKU'),
('phongnt.22it@vku.udn.vn', 'Vkuudn2022', 'Ngô Thanh Phong', '02301135257', b'0', 'VKU'),
('phongth.22ba@vku.udn.vn', 'Vkuudn2022', 'Trần Huyền Phong', '00048089441', b'0', 'VKU'),
('phongvh.22it@vku.udn.vn', 'Vkuudn2022', 'Vũ Hoàng Phong', '06062884122', b'0', 'VKU'),
('phucbp.22gba@vku.udn.vn', 'Vkuudn2022', 'Bùi Phi Phúc', '02030548992', b'1', 'VKU'),
('phucdd@smp.udn.vn', 'Smpudn2022', 'Dương Đạt Phúc', '00972133879', b'1', 'SMP'),
('phucdl.22it@vku.udn.vn', 'Vkuudn2022', 'Đỗ Linh Phúc', '09009752994', b'1', 'VKU'),
('phuchq.22it@vku.udn.vn', 'Vkuudn2022', 'Hồ Quân Phúc', '07235825630', b'1', 'VKU'),
('phucl@smp.udn.vn', 'Smpudn2022', 'Liên Phúc', '03205004353', b'1', 'SMP'),
('phuclt.22gba@vku.udn.vn', 'Vkuudn2022', 'Lê Thi Phúc', '09837846933', b'1', 'VKU'),
('phucnh.22it@vku.udn.vn', 'Vkuudn2022', 'Nguyễn Hương Phúc', '03429990003', b'1', 'VKU'),
('phucnt.22git@vku.udn.vn', 'Vkuudn2022', 'Nguyễn Trinh Phúc', '08931088929', b'1', 'VKU'),
('phucpl.22it@vku.udn.vn', 'Vkuudn2022', 'Phạm Linh Phúc', '00095753471', b'1', 'VKU'),
('phucpq.22it@vku.udn.vn', 'Vkuudn2022', 'Phạm Quỳnh Phúc', '01741630569', b'1', 'VKU'),
('phuctt.22it@vku.udn.vn', 'Vkuudn2022', 'Trần Thắng Phúc', '03364439236', b'1', 'VKU'),
('phudn.22ba@vku.udn.vn', 'Vkuudn2022', 'Dương Ngọc Phú', '08855038715', b'0', 'VKU'),
('phudt.22gba@vku.udn.vn', 'Vkuudn2022', 'Dương Thái Phú', '06808587060', b'0', 'VKU'),
('phuhh@smp.udn.vn', 'Smpudn2022', 'Huỳnh Hiếu Phú', '02140991793', b'0', 'SMP'),
('phuhn.22it@vku.udn.vn', 'Vkuudn2022', 'Huỳnh Nghĩa Phú', '01679330588', b'0', 'VKU'),
('phungnt.22ba@vku.udn.vn', 'Vkuudn2022', 'Nguyễn Thành Phụng', '07845396387', b'1', 'VKU'),
('phungth.22it@vku.udn.vn', 'Vkuudn2022', 'Trần Hải Phụng', '00553959540', b'1', 'VKU'),
('phungvd.22git@vku.udn.vn', 'Vkuudn2022', 'Vũ Đức Phụng', '08031260806', b'1', 'VKU'),
('phuocbt.22git@vku.udn.vn', 'Vkuudn2022', 'Bùi Thắm Phước', '03017280574', b'0', 'VKU'),
('phuocdh.22it@vku.udn.vn', 'Vkuudn2022', 'Đỗ Huy Phước', '06547157123', b'0', 'VKU'),
('phuocdm.22ba@vku.udn.vn', 'Vkuudn2022', 'Dương Mai Phước', '07301947539', b'0', 'VKU'),
('phuochv.22ba@vku.udn.vn', 'Vkuudn2022', 'Hoàng Vũ Phước', '08865950288', b'0', 'VKU'),
('phuock.22it@vku.udn.vn', 'Vkuudn2022', 'Kiệt Phước', '09452187871', b'0', 'VKU'),
('phuocla@smp.udn.vn', 'Smpudn2022', 'Lý An Phước', '05828093973', b'0', 'SMP'),
('phuocpa.22it@vku.udn.vn', 'Vkuudn2022', 'Phan Ánh Phước', '06655251014', b'0', 'VKU'),
('phuoctk.22it@vku.udn.vn', 'Vkuudn2022', 'Trần Khánh Phước', '05999782148', b'0', 'VKU'),
('phuocvt.22it@vku.udn.vn', 'Vkuudn2022', 'Vũ Tuyền Phước', '02654944596', b'0', 'VKU'),
('phuongbt.22it@vku.udn.vn', 'Vkuudn2022', 'Bùi Thơ Phượng', '00570271346', b'1', 'VKU'),
('phuongd@smp.udn.vn', 'Smpudn2022', 'Đặng  Phương', '00601354063', b'1', 'SMP'),
('phuongda.22it@vku.udn.vn', 'Vkuudn2022', 'Đỗ An Phương', '06040382680', b'1', 'VKU'),
('phuongdc.22it@vku.udn.vn', 'Vkuudn2022', 'Đặng Châu Phương', '00538650046', b'1', 'VKU'),
('phuongdd.22it@vku.udn.vn', 'Vkuudn2022', 'Đặng Diễm Phương', '08057632051', b'1', 'VKU'),
('phuongdh.22ba@vku.udn.vn', 'Vkuudn2022', 'Dương Hùng Phương', '09631733234', b'1', 'VKU'),
('phuongdh@smp.udn.vn', 'Smpudn2022', 'Dương Hương Phương', '08070974446', b'1', 'SMP'),
('phuonghh.22it@vku.udn.vn', 'Vkuudn2022', 'Huỳnh Hân Phượng', '08523458709', b'1', 'VKU'),
('phuonghk.22gba@vku.udn.vn', 'Vkuudn2022', 'Hoàng Khải Phương', '07787966158', b'1', 'VKU'),
('phuonght.22git@vku.udn.vn', 'Vkuudn2022', 'Hồ Trân Phương', '06626877890', b'1', 'VKU'),
('phuonght.22it@vku.udn.vn', 'Vkuudn2022', 'Hoàng Tú Phượng', '03381899711', b'1', 'VKU'),
('phuonglk.22it@vku.udn.vn', 'Vkuudn2022', 'Lý Khánh Phương', '04908973269', b'1', 'VKU'),
('phuongll.22it@vku.udn.vn', 'Vkuudn2022', 'Lý Lâm Phương', '02537013213', b'1', 'VKU'),
('phuongln.22git@vku.udn.vn', 'Vkuudn2022', 'Lê Nhật Phượng', '07601126310', b'1', 'VKU'),
('phuongnl.22it@vku.udn.vn', 'Vkuudn2022', 'Ngô Lộc Phương', '04384232944', b'1', 'VKU'),
('phuongnt.22gba@vku.udn.vn', 'Vkuudn2022', 'Ngô Trung Phương', '03772641107', b'1', 'VKU'),
('phuongpb.22it@vku.udn.vn', 'Vkuudn2022', 'Phạm Bảo Phượng', '04391161052', b'1', 'VKU'),
('phuongpd.22git@vku.udn.vn', 'Vkuudn2022', 'Phan Di Phương', '01762660575', b'1', 'VKU'),
('phuongpl.22it@vku.udn.vn', 'Vkuudn2022', 'Phan Loan Phương', '08122451641', b'1', 'VKU'),
('phuongpn.22it@vku.udn.vn', 'Vkuudn2022', 'Phan Ngọc Phương', '03775362218', b'1', 'VKU'),
('phuongpt.22ba@vku.udn.vn', 'Vkuudn2022', 'Phạm Thiện Phương', '03621097557', b'1', 'VKU'),
('phuongpt.22git@vku.udn.vn', 'Vkuudn2022', 'Phạm Thúy Phượng', '01171684176', b'1', 'VKU'),
('phuongpv.22it@vku.udn.vn', 'Vkuudn2022', 'Phạm Vân Phương', '06140826807', b'1', 'VKU'),
('phuongtt.22gba@vku.udn.vn', 'Vkuudn2022', 'Trần Thành Phượng', '01050363849', b'1', 'VKU'),
('phuongvt.22it@vku.udn.vn', 'Vkuudn2022', 'Võ Toàn Phương', '06779914919', b'1', 'VKU'),
('phupt.22git@vku.udn.vn', 'Vkuudn2022', 'Phan Thắng Phú', '08654134532', b'0', 'VKU'),
('quanbp@smp.udn.vn', 'Smpudn2022', 'Bùi Phượng Quân', '03059683598', b'1', 'SMP'),
('quand.22git@vku.udn.vn', 'Vkuudn2022', 'Đăng Quân', '00538979338', b'1', 'VKU'),
('quandg.22ba@vku.udn.vn', 'Vkuudn2022', 'Dương Giang Quân', '05847464256', b'1', 'VKU'),
('quandh.22it@vku.udn.vn', 'Vkuudn2022', 'Dương Hiển Quân', '02544243619', b'1', 'VKU'),
('quandn.22it@vku.udn.vn', 'Vkuudn2022', 'Dương Nguyệt Quân', '06751800300', b'1', 'VKU'),
('quandq.22it@vku.udn.vn', 'Vkuudn2022', 'Dương Quang Quân', '01159692447', b'1', 'VKU'),
('quandt.22gba@vku.udn.vn', 'Vkuudn2022', 'Đặng Tuấn Quân', '04858418837', b'1', 'VKU'),
('quangbn.22it@vku.udn.vn', 'Vkuudn2022', 'Bùi Nhân Quang', '09973934423', b'0', 'VKU'),
('quangdt.22it@vku.udn.vn', 'Vkuudn2022', 'Đỗ Thy Quang', '00036724044', b'0', 'VKU'),
('quanghk@smp.udn.vn', 'Smpudn2022', 'Hoàng Khoa Quang', '05833503603', b'0', 'SMP'),
('quangna.22gba@vku.udn.vn', 'Vkuudn2022', 'Ngô Ánh Quang', '07638577447', b'0', 'VKU'),
('quangnl.22ba@vku.udn.vn', 'Vkuudn2022', 'Ngô Lợi Quang', '02231910725', b'0', 'VKU'),
('quangnt.22git@vku.udn.vn', 'Vkuudn2022', 'Ngô Tùng Quang', '09328894580', b'0', 'VKU'),
('quanhp.22it@vku.udn.vn', 'Vkuudn2022', 'Hoàng Phúc Quân', '05642993510', b'1', 'VKU'),
('quanht.22it@vku.udn.vn', 'Vkuudn2022', 'Huỳnh Tú Quân', '01461106614', b'1', 'VKU'),
('quanld.22gba@vku.udn.vn', 'Vkuudn2022', 'Lý Danh Quân', '04723575831', b'1', 'VKU'),
('quanlh.22ba@vku.udn.vn', 'Vkuudn2022', 'Lý Hồng Quân', '01630131356', b'1', 'VKU'),
('quanln.22it@vku.udn.vn', 'Vkuudn2022', 'Lê Nga Quân', '06196734798', b'1', 'VKU'),
('quannv.22it@vku.udn.vn', 'Vkuudn2022', 'Ngô Vĩ Quân', '00147990925', b'1', 'VKU'),
('quanpl.22it@vku.udn.vn', 'Vkuudn2022', 'Phan Lâm Quân', '08010052190', b'1', 'VKU'),
('quanpt.22it@vku.udn.vn', 'Vkuudn2022', 'Phan Thúy Quân', '03427923899', b'1', 'VKU'),
('quanpt@smp.udn.vn', 'Smpudn2022', 'Phan Thịnh Quân', '09791015868', b'1', 'SMP'),
('quants.22it@vku.udn.vn', 'Vkuudn2022', 'Trần Sơn Quân', '06614352490', b'1', 'VKU'),
('quanvn.22git@vku.udn.vn', 'Vkuudn2022', 'Vũ Nga Quân', '09706194425', b'1', 'VKU'),
('quanvt.22it@vku.udn.vn', 'Vkuudn2022', 'Võ Thái Quân', '09296147062', b'1', 'VKU'),
('quochh.22it@vku.udn.vn', 'Vkuudn2022', 'Hồ Hải Quốc', '01406806388', b'0', 'VKU'),
('quochp.22it@vku.udn.vn', 'Vkuudn2022', 'Huỳnh Phúc Quốc', '06028287949', b'0', 'VKU'),
('quocht.22ba@vku.udn.vn', 'Vkuudn2022', 'Huỳnh Thùy Quốc', '05337283652', b'0', 'VKU'),
('quocnp.22it@vku.udn.vn', 'Vkuudn2022', 'Ngô Phong Quốc', '08537264407', b'0', 'VKU'),
('quocnt.22git@vku.udn.vn', 'Vkuudn2022', 'Ngô Trí Quốc', '00825929832', b'0', 'VKU'),
('quoctt.22it@vku.udn.vn', 'Vkuudn2022', 'Trần Tâm Quốc', '02965168684', b'0', 'VKU'),
('quocvc.22it@vku.udn.vn', 'Vkuudn2022', 'Võ Châu Quốc', '04927354575', b'0', 'VKU'),
('quybt.22it@vku.udn.vn', 'Vkuudn2022', 'Bùi Thành Quý', '01296253154', b'0', 'VKU'),
('quydt.22git@vku.udn.vn', 'Vkuudn2022', 'Đỗ Thịnh Quý', '08224857209', b'0', 'VKU'),
('quydt.22it@vku.udn.vn', 'Vkuudn2022', 'Đặng Trinh Quý', '01025134296', b'0', 'VKU'),
('quyenda.22it@vku.udn.vn', 'Vkuudn2022', 'Dương An Quyên', '04897889930', b'1', 'VKU'),
('quyendt.22it@vku.udn.vn', 'Vkuudn2022', 'Dương Thanh Quyên', '05107749956', b'1', 'VKU'),
('quyenhc.22it@vku.udn.vn', 'Vkuudn2022', 'Hoàng Chi Quyên', '05652390701', b'1', 'VKU'),
('quyenm@smp.udn.vn', 'Smpudn2022', 'My Quyên', '08689843530', b'1', 'SMP'),
('quyennt.22it@vku.udn.vn', 'Vkuudn2022', 'Ngô Tâm Quyên', '06007043853', b'1', 'VKU'),
('quyent.22it@vku.udn.vn', 'Vkuudn2022', 'Triết Quyên', '02423595761', b'1', 'VKU'),
('quyentk.22it@vku.udn.vn', 'Vkuudn2022', 'Trần Kỳ Quyên', '08625899788', b'1', 'VKU'),
('quyenvp.22gba@vku.udn.vn', 'Vkuudn2022', 'Vũ Phụng Quyên', '04479211724', b'1', 'VKU'),
('quyhd.22git@vku.udn.vn', 'Vkuudn2022', 'Hồ Dung Quý', '09187287195', b'0', 'VKU'),
('quynhbh.22ba@vku.udn.vn', 'Vkuudn2022', 'Bùi Hưng Quỳnh', '07072869228', b'1', 'VKU'),
('quynhdt.22it@vku.udn.vn', 'Vkuudn2022', 'Dương Thương Quỳnh', '07046907658', b'1', 'VKU'),
('quynhht.22gba@vku.udn.vn', 'Vkuudn2022', 'Hồ Tú Quỳnh', '00942832785', b'1', 'VKU'),
('quynhna@smp.udn.vn', 'Smpudn2022', 'Ngô Ân Quỳnh', '09655047698', b'1', 'SMP'),
('quynhpd.22it@vku.udn.vn', 'Vkuudn2022', 'Phan Duyên Quỳnh', '08888512173', b'1', 'VKU'),
('quynhpt.22it@vku.udn.vn', 'Vkuudn2022', 'Phan Tài Quỳnh', '08594833270', b'1', 'VKU'),
('quynhvd.22ba@vku.udn.vn', 'Vkuudn2022', 'Võ Đại Quỳnh', '01079998040', b'1', 'VKU'),
('quynhvl.22gba@vku.udn.vn', 'Vkuudn2022', 'Vũ Lam Quỳnh', '01832497441', b'1', 'VKU'),
('quypt.22git@vku.udn.vn', 'Vkuudn2022', 'Phạm Tâm Quý', '05918460185', b'0', 'VKU'),
('quyvk.22git@vku.udn.vn', 'Vkuudn2022', 'Võ Khiêm Quý', '00323905188', b'0', 'VKU'),
('quyvn.22it@vku.udn.vn', 'Vkuudn2022', 'Vũ Nhung Quý', '09442849884', b'0', 'VKU'),
('quyvt.22gba@vku.udn.vn', 'Vkuudn2022', 'Vũ Thuận Quý', '08180669040', b'0', 'VKU'),
('sangdl@smp.udn.vn', 'Smpudn2022', 'Dương Lam Sang', '03430832281', b'0', 'SMP'),
('sangdn.22it@vku.udn.vn', 'Vkuudn2022', 'Dương Nga Sang', '04859159852', b'0', 'VKU'),
('sangdt.22gba@vku.udn.vn', 'Vkuudn2022', 'Dương Thanh Sang', '01567728584', b'0', 'VKU'),
('sangnt.22it@vku.udn.vn', 'Vkuudn2022', 'Nguyễn Trúc Sang', '07603336457', b'0', 'VKU'),
('sangnt@smp.udn.vn', 'Smpudn2022', 'Ngô Trí Sang', '00174305660', b'0', 'SMP'),
('sangtn.22it@vku.udn.vn', 'Vkuudn2022', 'Trần Nhàn Sang', '04950300873', b'0', 'VKU'),
('sonbb.22it@vku.udn.vn', 'Vkuudn2022', 'Bùi Bảo Sơn', '03819176871', b'0', 'VKU'),
('sond.22git@vku.udn.vn', 'Vkuudn2022', 'Đỗ  Sơn', '02340903746', b'0', 'VKU'),
('sondh.22it@vku.udn.vn', 'Vkuudn2022', 'Dương Hòa Sơn', '05361545241', b'0', 'VKU'),
('sonhq.22gba@vku.udn.vn', 'Vkuudn2022', 'Hoàng Quyên Sơn', '04544745100', b'0', 'VKU'),
('sonlg.22it@vku.udn.vn', 'Vkuudn2022', 'Lê Giang Sơn', '06592954112', b'0', 'VKU'),
('taidc.22ba@vku.udn.vn', 'Vkuudn2022', 'Đặng Chi Tài', '00458363037', b'0', 'VKU'),
('taidh.22ba@vku.udn.vn', 'Vkuudn2022', 'Dương Hùng Tài', '00120884506', b'0', 'VKU'),
('taink.22gba@vku.udn.vn', 'Vkuudn2022', 'Ngô Kim Tài', '05061559876', b'0', 'VKU'),
('taiva@smp.udn.vn', 'Smpudn2022', 'Võ An Tài', '05062061867', b'0', 'SMP'),
('taivk.22gba@vku.udn.vn', 'Vkuudn2022', 'Võ Khuê Tài', '06652166459', b'0', 'VKU'),
('taivl@smp.udn.vn', 'Smpudn2022', 'Võ Linh Tài', '03545802773', b'0', 'SMP'),
('taivt.22ba@vku.udn.vn', 'Vkuudn2022', 'Võ Thị Tài', '01078148497', b'0', 'VKU'),
('taivt.22it@vku.udn.vn', 'Vkuudn2022', 'Võ Trâm Tài', '01172506912', b'0', 'VKU'),
('tambh.22it@vku.udn.vn', 'Vkuudn2022', 'Bùi Hiệp Tâm', '04471830553', b'1', 'VKU'),
('tamda.22gba@vku.udn.vn', 'Vkuudn2022', 'Đặng Ân Tâm', '08602376730', b'1', 'VKU'),
('tamdh.22gba@vku.udn.vn', 'Vkuudn2022', 'Dương Hòa Tâm', '07597551980', b'1', 'VKU'),
('tamdh.22it@vku.udn.vn', 'Vkuudn2022', 'Dương Hưng Tâm', '06124894205', b'1', 'VKU'),
('tamdt.22gba@vku.udn.vn', 'Vkuudn2022', 'Dương Trinh Tâm', '01105711309', b'1', 'VKU'),
('tamdt.22it@vku.udn.vn', 'Vkuudn2022', 'Dương Trung Tâm', '01202122166', b'1', 'VKU'),
('tamdv.22it@vku.udn.vn', 'Vkuudn2022', 'Dương Vinh Tâm', '07858495826', b'1', 'VKU'),
('tamht.22it@vku.udn.vn', 'Vkuudn2022', 'Hồ Tú Tâm', '04321609279', b'1', 'VKU'),
('tamht@smp.udn.vn', 'Smpudn2022', 'Hồ Trâm Tâm', '03595627672', b'1', 'SMP'),
('tamhv.22gba@vku.udn.vn', 'Vkuudn2022', 'Huỳnh Vỹ Tâm', '07906919344', b'1', 'VKU'),
('tamlh.22it@vku.udn.vn', 'Vkuudn2022', 'Lý Hiển Tâm', '05119460523', b'1', 'VKU'),
('tamlt.22git@vku.udn.vn', 'Vkuudn2022', 'Lý Tâm Tâm', '06862500205', b'1', 'VKU'),
('tamnt.22gba@vku.udn.vn', 'Vkuudn2022', 'Ngô Trường Tâm', '07016894636', b'1', 'VKU'),
('tamph.22gba@vku.udn.vn', 'Vkuudn2022', 'Phạm Hạnh Tâm', '07823002205', b'1', 'VKU'),
('tamvh.22it@vku.udn.vn', 'Vkuudn2022', 'Võ Hoa Tâm', '04700394043', b'1', 'VKU'),
('tanbd.22it@vku.udn.vn', 'Vkuudn2022', 'Bùi Di Tân', '02336968151', b'0', 'VKU'),
('tandv.22it@vku.udn.vn', 'Vkuudn2022', 'Dương Văn Tấn', '09806929373', b'0', 'VKU'),
('tanht.22it@vku.udn.vn', 'Vkuudn2022', 'Hoàng Thanh Tấn', '05925689749', b'0', 'VKU'),
('tanlt.22it@vku.udn.vn', 'Vkuudn2022', 'Lê Thảo Tấn', '07179172042', b'0', 'VKU'),
('tanlv.22ba@vku.udn.vn', 'Vkuudn2022', 'Lý Vĩ Tấn', '09310184466', b'0', 'VKU'),
('tannh.22it@vku.udn.vn', 'Vkuudn2022', 'Ngô Hào Tấn', '07450797879', b'0', 'VKU'),
('tannt.22ba@vku.udn.vn', 'Vkuudn2022', 'Ngô Thái Tấn', '06546779322', b'0', 'VKU'),
('tannt@smp.udn.vn', 'Smpudn2022', 'Ngô Toàn Tân', '07037853504', b'0', 'SMP'),
('tanpt.22it@vku.udn.vn', 'Vkuudn2022', 'Phạm Tùng Tấn', '02060821300', b'0', 'VKU'),
('tant.22it@vku.udn.vn', 'Vkuudn2022', 'Tín Tấn', '04594678142', b'0', 'VKU'),
('th.22it@vku.udn.vn', 'Vkuudn2022', 'Trần Hồng ', '00565262416', b'1', 'VKU'),
('thaib.22it@vku.udn.vn', 'Vkuudn2022', 'Bùi  Thái', '07237258442', b'0', 'VKU'),
('thaibd@smp.udn.vn', 'Smpudn2022', 'Bùi Dương Thái', '09561872040', b'0', 'SMP'),
('thaidn.22git@vku.udn.vn', 'Vkuudn2022', 'Dương Nam Thái', '09631776248', b'0', 'VKU'),
('thaihk.22git@vku.udn.vn', 'Vkuudn2022', 'Hồ Khanh Thái', '07209562363', b'0', 'VKU'),
('thaihl.22it@vku.udn.vn', 'Vkuudn2022', 'Hồ Lộc Thái', '01827553433', b'0', 'VKU'),
('thaihn.22it@vku.udn.vn', 'Vkuudn2022', 'Hồ Ngọc Thái', '07121697594', b'0', 'VKU'),
('thaina.22it@vku.udn.vn', 'Vkuudn2022', 'Ngô An Thái', '05498840932', b'0', 'VKU'),
('thaink.22gba@vku.udn.vn', 'Vkuudn2022', 'Ngô Kiệt Thái', '00300032447', b'0', 'VKU'),
('thaip.22ba@vku.udn.vn', 'Vkuudn2022', 'Phạm  Thái', '01466927397', b'0', 'VKU'),
('thaipk.22git@vku.udn.vn', 'Vkuudn2022', 'Phan Khanh Thái', '08541037833', b'0', 'VKU'),
('thaivk.22it@vku.udn.vn', 'Vkuudn2022', 'Võ Kỳ Thái', '07671272614', b'0', 'VKU'),
('thamdh.22ba@vku.udn.vn', 'Vkuudn2022', 'Dương Hiệp Thắm', '04503263922', b'1', 'VKU'),
('thamdt.22it@vku.udn.vn', 'Vkuudn2022', 'Đặng Thiên Thắm', '05542337678', b'1', 'VKU'),
('thampt.22it@vku.udn.vn', 'Vkuudn2022', 'Phan Thị Thắm', '09082338326', b'1', 'VKU'),
('thamth.22it@vku.udn.vn', 'Vkuudn2022', 'Trần Hưng Thắm', '06178356694', b'1', 'VKU'),
('thamtt.22it@vku.udn.vn', 'Vkuudn2022', 'Trần Thắm Thắm', '03346919822', b'1', 'VKU'),
('thamty.22git@vku.udn.vn', 'Vkuudn2022', 'Trần Ý Thắm', '06216820005', b'1', 'VKU'),
('thamvn.22it@vku.udn.vn', 'Vkuudn2022', 'Vũ Ngọc Thắm', '00224945789', b'1', 'VKU'),
('thangdb.22ba@vku.udn.vn', 'Vkuudn2022', 'Đỗ Bích Thắng', '08889780578', b'0', 'VKU'),
('thangdk.22gba@vku.udn.vn', 'Vkuudn2022', 'Đặng Khuê Thắng', '06390406301', b'0', 'VKU'),
('thangh.22it@vku.udn.vn', 'Vkuudn2022', 'Hiệp Thắng', '05267382034', b'0', 'VKU'),
('thangln.22ba@vku.udn.vn', 'Vkuudn2022', 'Lý Nghĩa Thắng', '03625868336', b'0', 'VKU'),
('thangnh.22it@vku.udn.vn', 'Vkuudn2022', 'Ngô Hồng Thắng', '08399010852', b'0', 'VKU'),
('thangnm.22git@vku.udn.vn', 'Vkuudn2022', 'Ngô Mai Thắng', '07599411897', b'0', 'VKU'),
('thangty.22it@vku.udn.vn', 'Vkuudn2022', 'Trần Yến Thắng', '09781275575', b'0', 'VKU'),
('thangvo.22it@vku.udn.vn', 'Vkuudn2022', 'Vũ Oanh Thắng', '01251532915', b'0', 'VKU'),
('thangvu.22it@vku.udn.vn', 'Vkuudn2022', 'Võ Uyên Thắng', '02803712193', b'0', 'VKU'),
('thangvy.22it@vku.udn.vn', 'Vkuudn2022', 'Vũ Ý Thắng', '03430233676', b'0', 'VKU'),
('thanhbh.22ba@vku.udn.vn', 'Vkuudn2022', 'Bùi Huyền Thanh', '08517230559', b'1', 'VKU'),
('thanhd.22gba@vku.udn.vn', 'Vkuudn2022', 'Đông Thanh', '01390906369', b'1', 'VKU'),
('thanhdh.22it@vku.udn.vn', 'Vkuudn2022', 'Đặng Huy Thành', '09519611286', b'1', 'VKU'),
('thanhdl@smp.udn.vn', 'Smpudn2022', 'Đỗ Luân Thanh', '05356044670', b'1', 'SMP'),
('thanhh.22it@vku.udn.vn', 'Vkuudn2022', 'Hòa Thành', '03231573250', b'1', 'VKU'),
('thanhhh.22it@vku.udn.vn', 'Vkuudn2022', 'Hồ Hồng Thanh', '08813836210', b'1', 'VKU'),
('thanhhq.22it@vku.udn.vn', 'Vkuudn2022', 'Hồ Quý Thanh', '02477893243', b'1', 'VKU'),
('thanhl.22it@vku.udn.vn', 'Vkuudn2022', 'Linh Thành', '01668384330', b'1', 'VKU'),
('thanhlt.22git@vku.udn.vn', 'Vkuudn2022', 'Lý Trí Thanh', '01194516449', b'1', 'VKU'),
('thanhlv.22it@vku.udn.vn', 'Vkuudn2022', 'Lý Vỹ Thành', '04773757685', b'1', 'VKU'),
('thanhnd.22it@vku.udn.vn', 'Vkuudn2022', 'Ngô Danh Thành', '06417549372', b'1', 'VKU'),
('thanhnd@smp.udn.vn', 'Smpudn2022', 'Ngô Diệu Thành', '05502495906', b'1', 'SMP'),
('thanhnn@smp.udn.vn', 'Smpudn2022', 'Ngô Nhàn Thanh', '09524901875', b'1', 'SMP'),
('thanhph.22it@vku.udn.vn', 'Vkuudn2022', 'Phan Hùng Thành', '01560117993', b'1', 'VKU'),
('thanhvl.22it@vku.udn.vn', 'Vkuudn2022', 'Võ Loan Thanh', '04096847082', b'1', 'VKU'),
('thanhvn.22it@vku.udn.vn', 'Vkuudn2022', 'Vũ Ngọc Thành', '02473507448', b'1', 'VKU'),
('thanhvt.22it@vku.udn.vn', 'Vkuudn2022', 'Vũ Thy Thanh', '04372332479', b'1', 'VKU'),
('thaobq.22it@vku.udn.vn', 'Vkuudn2022', 'Bùi Quân Thảo', '08491555673', b'1', 'VKU'),
('thaodt.22ba@vku.udn.vn', 'Vkuudn2022', 'Đặng Tú Thảo', '08351307499', b'1', 'VKU'),
('thaodt.22it@vku.udn.vn', 'Vkuudn2022', 'Dương Thắng Thảo', '01361986985', b'1', 'VKU'),
('thaolp.22it@vku.udn.vn', 'Vkuudn2022', 'Lê Phúc Thảo', '03894345838', b'1', 'VKU'),
('thaonm.22git@vku.udn.vn', 'Vkuudn2022', 'Ngô Mai Thảo', '06315032950', b'1', 'VKU'),
('thaont.22gba@vku.udn.vn', 'Vkuudn2022', 'Nguyễn Tường Thảo', '02100478532', b'1', 'VKU'),
('thaopt.22it@vku.udn.vn', 'Vkuudn2022', 'Phạm Thắng Thảo', '08208343413', b'1', 'VKU'),
('thaotl@smp.udn.vn', 'Smpudn2022', 'Trần Lâm Thảo', '04486116413', b'1', 'SMP'),
('thaovl.22it@vku.udn.vn', 'Vkuudn2022', 'Võ Ly Thảo', '06265234291', b'1', 'VKU'),
('thibl.22it@vku.udn.vn', 'Vkuudn2022', 'Bùi Lâm Thi', '01436563363', b'1', 'VKU'),
('thida.22it@vku.udn.vn', 'Vkuudn2022', 'Đỗ Ánh Thi', '07594225564', b'1', 'VKU'),
('thiendk.22it@vku.udn.vn', 'Vkuudn2022', 'Dương Khoa Thiên', '04628091004', b'0', 'VKU'),
('thiendl.22it@vku.udn.vn', 'Vkuudn2022', 'Đặng Lâm Thiện', '07170718997', b'0', 'VKU'),
('thienhd.22it@vku.udn.vn', 'Vkuudn2022', 'Hoàng Đăng Thiện', '00980430391', b'0', 'VKU'),
('thienhh.22it@vku.udn.vn', 'Vkuudn2022', 'Hoàng Hồng Thiện', '02601210309', b'0', 'VKU'),
('thienna.22ba@vku.udn.vn', 'Vkuudn2022', 'Nguyễn Ân Thiện', '05576270685', b'0', 'VKU'),
('thiennl.22it@vku.udn.vn', 'Vkuudn2022', 'Nguyễn Lam Thiên', '01207330499', b'0', 'VKU'),
('thienpl@smp.udn.vn', 'Smpudn2022', 'Phạm Long Thiện', '05790197748', b'0', 'SMP'),
('thienpn@smp.udn.vn', 'Smpudn2022', 'Phạm Nam Thiện', '06713660642', b'0', 'SMP'),
('thientk.22gba@vku.udn.vn', 'Vkuudn2022', 'Trần Khang Thiện', '02570664227', b'0', 'VKU'),
('thientt.22git@vku.udn.vn', 'Vkuudn2022', 'Trần Tiên Thiện', '00639758274', b'0', 'VKU'),
('thienvn.22it@vku.udn.vn', 'Vkuudn2022', 'Vũ Nghi Thiện', '08844249158', b'0', 'VKU'),
('thienvt.22gba@vku.udn.vn', 'Vkuudn2022', 'Vũ Tín Thiện', '04365080029', b'0', 'VKU'),
('thihh@smp.udn.vn', 'Smpudn2022', 'Huỳnh Hằng Thi', '00856776768', b'1', 'SMP'),
('thihp@smp.udn.vn', 'Smpudn2022', 'Huỳnh Phụng Thi', '01763978862', b'1', 'SMP'),
('thihq.22gba@vku.udn.vn', 'Vkuudn2022', 'Huỳnh Quỳnh Thi', '09302393443', b'1', 'VKU'),
('thilm.22it@vku.udn.vn', 'Vkuudn2022', 'Lý Mạnh Thi', '07409947955', b'1', 'VKU'),
('thilt.22git@vku.udn.vn', 'Vkuudn2022', 'Lê Tăng Thi', '07977734671', b'1', 'VKU'),
('thinhdk.22it@vku.udn.vn', 'Vkuudn2022', 'Đỗ Kỳ Thịnh', '08812312306', b'0', 'VKU'),
('thinhdt.22it@vku.udn.vn', 'Vkuudn2022', 'Đặng Tuệ Thịnh', '09214748917', b'0', 'VKU'),
('thinhlt.22it@vku.udn.vn', 'Vkuudn2022', 'Lê Thư Thịnh', '01030388473', b'0', 'VKU'),
('thinhnv@smp.udn.vn', 'Smpudn2022', 'Nguyễn Văn Thịnh', '05734066497', b'0', 'SMP'),
('thinhph.22it@vku.udn.vn', 'Vkuudn2022', 'Phan Huy Thịnh', '08706044050', b'0', 'VKU'),
('thinhpk.22it@vku.udn.vn', 'Vkuudn2022', 'Phạm Kiên Thịnh', '03742880838', b'0', 'VKU'),
('thinp.22it@vku.udn.vn', 'Vkuudn2022', 'Nguyễn Phương Thi', '07418051658', b'1', 'VKU'),
('thobd.22gba@vku.udn.vn', 'Vkuudn2022', 'Bùi Đông Thơ', '01287396713', b'1', 'VKU'),
('thobv.22it@vku.udn.vn', 'Vkuudn2022', 'Bùi Vũ Thơ', '06173482581', b'1', 'VKU'),
('thodk.22ba@vku.udn.vn', 'Vkuudn2022', 'Dương Kim Thơ', '07113026959', b'1', 'VKU'),
('thodp.22ba@vku.udn.vn', 'Vkuudn2022', 'Đặng Phi Thơ', '04377354793', b'1', 'VKU'),
('thon@smp.udn.vn', 'Smpudn2022', 'Ngân Thơ', '01791907266', b'1', 'SMP'),
('thongbm.22it@vku.udn.vn', 'Vkuudn2022', 'Bùi Minh Thông', '01878453499', b'0', 'VKU'),
('thongdq.22it@vku.udn.vn', 'Vkuudn2022', 'Đỗ Quân Thông', '00112563468', b'0', 'VKU'),
('thonghp.22gba@vku.udn.vn', 'Vkuudn2022', 'Hoàng Phụng Thông', '02080633403', b'0', 'VKU'),
('thonght.22git@vku.udn.vn', 'Vkuudn2022', 'Huỳnh Trân Thông', '04841553954', b'0', 'VKU'),
('thonglh@smp.udn.vn', 'Smpudn2022', 'Lý Hùng Thông', '07961049671', b'0', 'SMP'),
('thongnd.22it@vku.udn.vn', 'Vkuudn2022', 'Nguyễn Dũng Thông', '04630674379', b'0', 'VKU'),
('thongnl.22it@vku.udn.vn', 'Vkuudn2022', 'Nguyễn Ly Thông', '04979364880', b'0', 'VKU'),
('thongnt.22it@vku.udn.vn', 'Vkuudn2022', 'Ngô Tùng Thông', '04918702750', b'0', 'VKU'),
('thonk.22it@vku.udn.vn', 'Vkuudn2022', 'Ngô Khải Thơ', '06784815902', b'1', 'VKU'),
('thuanb.22it@vku.udn.vn', 'Vkuudn2022', 'Bách Thuận', '01762305384', b'0', 'VKU'),
('thuanbd.22it@vku.udn.vn', 'Vkuudn2022', 'Bùi Đông Thuận', '00891712050', b'0', 'VKU'),
('thuandt.22it@vku.udn.vn', 'Vkuudn2022', 'Dương Tăng Thuận', '02858974034', b'0', 'VKU'),
('thuanh.22git@vku.udn.vn', 'Vkuudn2022', 'Hạnh Thuận', '04334441262', b'0', 'VKU'),
('thuanh.22it@vku.udn.vn', 'Vkuudn2022', 'Hạnh Thuận', '06362128990', b'0', 'VKU'),
('thuanlh.22it@vku.udn.vn', 'Vkuudn2022', 'Lý Hiệp Thuận', '06909805422', b'0', 'VKU'),
('thuanlk@smp.udn.vn', 'Smpudn2022', 'Lê Kiệt Thuận', '06090561659', b'0', 'SMP'),
('thuanlt.22ba@vku.udn.vn', 'Vkuudn2022', 'Lê Trí Thuận', '02727450423', b'0', 'VKU'),
('thuanpt.22it@vku.udn.vn', 'Vkuudn2022', 'Phạm Tú Thuận', '00532776277', b'0', 'VKU'),
('thudk.22it@vku.udn.vn', 'Vkuudn2022', 'Đỗ Khánh Thư', '05983789071', b'1', 'VKU'),
('thudq.22it@vku.udn.vn', 'Vkuudn2022', 'Dương Quang Thư', '05075656600', b'1', 'VKU'),
('thunk.22ba@vku.udn.vn', 'Vkuudn2022', 'Ngô Khiêm Thư', '06164864986', b'1', 'VKU'),
('thuongbn.22gba@vku.udn.vn', 'Vkuudn2022', 'Bùi Như Thương', '05372810130', b'1', 'VKU'),
('thuongdd.22ba@vku.udn.vn', 'Vkuudn2022', 'Dương Dung Thương', '09962001526', b'1', 'VKU'),
('thuongdh.22it@vku.udn.vn', 'Vkuudn2022', 'Đặng Hậu Thương', '00921563269', b'1', 'VKU'),
('thuonghp@smp.udn.vn', 'Smpudn2022', 'Hoàng Phụng Thương', '02748453365', b'1', 'SMP'),
('thuonght.22git@vku.udn.vn', 'Vkuudn2022', 'Hồ Trường Thương', '08143261274', b'1', 'VKU'),
('thuonglg.22gba@vku.udn.vn', 'Vkuudn2022', 'Lê Giang Thương', '09404488001', b'1', 'VKU'),
('thuonglm.22it@vku.udn.vn', 'Vkuudn2022', 'Lý Mạnh Thương', '05392675754', b'1', 'VKU'),
('thuongnd.22it@vku.udn.vn', 'Vkuudn2022', 'Nguyễn Di Thương', '06374158357', b'1', 'VKU'),
('thuongph.22git@vku.udn.vn', 'Vkuudn2022', 'Phạm Hòa Thương', '09718962975', b'1', 'VKU'),
('thuongt.22gba@vku.udn.vn', 'Vkuudn2022', 'Tuyết Thương', '07793374062', b'1', 'VKU'),
('thuvt.22git@vku.udn.vn', 'Vkuudn2022', 'Vũ Tăng Thư', '01352683638', b'1', 'VKU'),
('thuybh.22git@vku.udn.vn', 'Vkuudn2022', 'Bùi Hào Thủy', '06809847533', b'1', 'VKU'),
('thuybt.22it@vku.udn.vn', 'Vkuudn2022', 'Bùi Trí Thúy', '06787644659', b'1', 'VKU'),
('thuydh.22it@vku.udn.vn', 'Vkuudn2022', 'Đặng Hòa Thúy', '03770864647', b'1', 'VKU'),
('thuydl.22gba@vku.udn.vn', 'Vkuudn2022', 'Đỗ Lợi Thủy', '04045176328', b'1', 'VKU'),
('thuydp.22gba@vku.udn.vn', 'Vkuudn2022', 'Dương Phương Thủy', '07724140220', b'1', 'VKU'),
('thuyds.22ba@vku.udn.vn', 'Vkuudn2022', 'Đỗ Sơn Thúy', '05112735178', b'1', 'VKU'),
('thuyhd.22it@vku.udn.vn', 'Vkuudn2022', 'Huỳnh Dũng Thủy', '07878149061', b'1', 'VKU'),
('thuyhp.22it@vku.udn.vn', 'Vkuudn2022', 'Hồ Phong Thủy', '07205002957', b'1', 'VKU'),
('thuyht.22it@vku.udn.vn', 'Vkuudn2022', 'Huỳnh Tường Thủy', '00801904205', b'1', 'VKU'),
('thuyhv@smp.udn.vn', 'Smpudn2022', 'Hoàng Vinh Thùy', '06164937998', b'1', 'SMP'),
('thuylb.22gba@vku.udn.vn', 'Vkuudn2022', 'Lý Bách Thùy', '09179145173', b'1', 'VKU'),
('thuylo.22gba@vku.udn.vn', 'Vkuudn2022', 'Lý Oanh Thùy', '04166217677', b'1', 'VKU'),
('thuynk@smp.udn.vn', 'Smpudn2022', 'Nguyễn Kỳ Thủy', '02025874550', b'1', 'SMP'),
('thuyns.22gba@vku.udn.vn', 'Vkuudn2022', 'Nguyễn Sơn Thủy', '01901130026', b'1', 'VKU'),
('thuynt.22it@vku.udn.vn', 'Vkuudn2022', 'Ngô Thy Thủy', '01994758276', b'1', 'VKU'),
('thuynv@smp.udn.vn', 'Smpudn2022', 'Ngô Văn Thủy', '05077177047', b'1', 'SMP'),
('thuypc.22it@vku.udn.vn', 'Vkuudn2022', 'Phan Cường Thủy', '04043229644', b'1', 'VKU'),
('thuyph.22it@vku.udn.vn', 'Vkuudn2022', 'Phan Huyền Thùy', '00834577998', b'1', 'VKU');
INSERT INTO `Students` (`StudentEmail`, `Password`, `Name`, `PhoneNumber`, `Gender`, `SchoolID`) VALUES
('thuyph@smp.udn.vn', 'Smpudn2022', 'Phan Hiển Thúy', '03920339042', b'1', 'SMP'),
('thuypn.22git@vku.udn.vn', 'Vkuudn2022', 'Phan Nhã Thủy', '00911429329', b'1', 'VKU'),
('thuypn.22it@vku.udn.vn', 'Vkuudn2022', 'Phạm Nhân Thùy', '02753770443', b'1', 'VKU'),
('thuypt.22it@vku.udn.vn', 'Vkuudn2022', 'Phan Trí Thúy', '07684553360', b'1', 'VKU'),
('thuyt.22it@vku.udn.vn', 'Vkuudn2022', 'Trường Thủy', '04702285801', b'1', 'VKU'),
('thuytt.22it@vku.udn.vn', 'Vkuudn2022', 'Trần Thái Thúy', '03875136375', b'1', 'VKU'),
('thuyvb.22it@vku.udn.vn', 'Vkuudn2022', 'Võ Bình Thúy', '02530786180', b'1', 'VKU'),
('thuyvh.22it@vku.udn.vn', 'Vkuudn2022', 'Võ Hằng Thùy', '02675471087', b'1', 'VKU'),
('thuyvv.22ba@vku.udn.vn', 'Vkuudn2022', 'Vũ Vy Thúy', '04646667770', b'1', 'VKU'),
('thuyvv.22gba@vku.udn.vn', 'Vkuudn2022', 'Vũ Việt Thúy', '00024262307', b'1', 'VKU'),
('thydq.22git@vku.udn.vn', 'Vkuudn2022', 'Đặng Quyên Thy', '03845059809', b'1', 'VKU'),
('thynt@smp.udn.vn', 'Smpudn2022', 'Ngô Trường Thy', '06404757560', b'1', 'SMP'),
('thyp.22it@vku.udn.vn', 'Vkuudn2022', 'Phong Thy', '07479998786', b'1', 'VKU'),
('thypn.22git@vku.udn.vn', 'Vkuudn2022', 'Phạm Nhung Thy', '01784036680', b'1', 'VKU'),
('thyvt.22it@vku.udn.vn', 'Vkuudn2022', 'Vũ Tấn Thy', '01895692427', b'1', 'VKU'),
('tiend.22git@vku.udn.vn', 'Vkuudn2022', 'Danh Tiến', '06525670289', b'1', 'VKU'),
('tiend.22it@vku.udn.vn', 'Vkuudn2022', 'Danh Tiên', '02217262148', b'1', 'VKU'),
('tiendd.22it@vku.udn.vn', 'Vkuudn2022', 'Đặng Đại Tiến', '03401735149', b'1', 'VKU'),
('tiendn.22it@vku.udn.vn', 'Vkuudn2022', 'Dương Nguyên Tiến', '06046092343', b'1', 'VKU'),
('tiendq.22it@vku.udn.vn', 'Vkuudn2022', 'Đặng Quốc Tiến', '02846237819', b'1', 'VKU'),
('tiends.22it@vku.udn.vn', 'Vkuudn2022', 'Đặng Sơn Tiến', '00974851388', b'1', 'VKU'),
('tienhn.22it@vku.udn.vn', 'Vkuudn2022', 'Hồ Nghĩa Tiến', '01181320792', b'1', 'VKU'),
('tienhv.22it@vku.udn.vn', 'Vkuudn2022', 'Hồ Vi Tiến', '00441591414', b'1', 'VKU'),
('tienn.22it@vku.udn.vn', 'Vkuudn2022', 'Nam Tiến', '07642227923', b'1', 'VKU'),
('tiennt.22ba@vku.udn.vn', 'Vkuudn2022', 'Ngô Tài Tiến', '08334080023', b'1', 'VKU'),
('tiennt.22it@vku.udn.vn', 'Vkuudn2022', 'Ngô Trinh Tiên', '09113287451', b'1', 'VKU'),
('tienph.22it@vku.udn.vn', 'Vkuudn2022', 'Phan Hân Tiến', '09083685282', b'1', 'VKU'),
('tienpv.22it@vku.udn.vn', 'Vkuudn2022', 'Phạm Vi Tiên', '02191448226', b'1', 'VKU'),
('tienvd.22ba@vku.udn.vn', 'Vkuudn2022', 'Võ Doanh Tiến', '05611935882', b'1', 'VKU'),
('tienvt@smp.udn.vn', 'Smpudn2022', 'Vũ Thiện Tiên', '05028079783', b'1', 'SMP'),
('tindb.22git@vku.udn.vn', 'Vkuudn2022', 'Đặng Bích Tín', '08541656044', b'0', 'VKU'),
('tindn.22git@vku.udn.vn', 'Vkuudn2022', 'Dương Nam Tín', '01186535357', b'0', 'VKU'),
('tindq.22it@vku.udn.vn', 'Vkuudn2022', 'Dương Quân Tín', '03742127500', b'0', 'VKU'),
('tinhd.22ba@vku.udn.vn', 'Vkuudn2022', 'Hoàng Diệu Tín', '08576079351', b'0', 'VKU'),
('tinhh.22it@vku.udn.vn', 'Vkuudn2022', 'Hoàng Hằng Tín', '03039558192', b'0', 'VKU'),
('tinlp.22it@vku.udn.vn', 'Vkuudn2022', 'Lê Phúc Tín', '04888915087', b'0', 'VKU'),
('tinnk.22gba@vku.udn.vn', 'Vkuudn2022', 'Ngô Kiều Tín', '08717450140', b'0', 'VKU'),
('tinnk.22it@vku.udn.vn', 'Vkuudn2022', 'Ngô Kiên Tín', '08357466680', b'0', 'VKU'),
('tinnp.22it@vku.udn.vn', 'Vkuudn2022', 'Nguyễn Phượng Tín', '04334462867', b'0', 'VKU'),
('tinpv.22it@vku.udn.vn', 'Vkuudn2022', 'Phan Văn Tín', '00859264781', b'0', 'VKU'),
('tintb.22it@vku.udn.vn', 'Vkuudn2022', 'Trần Bình Tín', '02867594196', b'0', 'VKU'),
('toandc.22git@vku.udn.vn', 'Vkuudn2022', 'Dương Cường Toàn', '08200568341', b'0', 'VKU'),
('toandv@smp.udn.vn', 'Smpudn2022', 'Đặng Văn Toàn', '03837479348', b'0', 'SMP'),
('toanha.22it@vku.udn.vn', 'Vkuudn2022', 'Huỳnh Ân Toàn', '00245666471', b'0', 'VKU'),
('toannd.22it@vku.udn.vn', 'Vkuudn2022', 'Nguyễn Dương Toàn', '06848647232', b'0', 'VKU'),
('toanno.22it@vku.udn.vn', 'Vkuudn2022', 'Nguyễn Oanh Toàn', '04319208117', b'0', 'VKU'),
('toannt.22git@vku.udn.vn', 'Vkuudn2022', 'Ngô Tài Toàn', '02569269631', b'0', 'VKU'),
('toanpp@smp.udn.vn', 'Smpudn2022', 'Phan Phúc Toàn', '05344294697', b'0', 'SMP'),
('trabl.22it@vku.udn.vn', 'Vkuudn2022', 'Bùi Loan Trà', '00604748421', b'1', 'VKU'),
('trabt.22it@vku.udn.vn', 'Vkuudn2022', 'Bùi Trang Trà', '03959369923', b'1', 'VKU'),
('tradd.22it@vku.udn.vn', 'Vkuudn2022', 'Đặng Đào Trà', '02070971216', b'1', 'VKU'),
('trahm.22it@vku.udn.vn', 'Vkuudn2022', 'Huỳnh Minh Trà', '04944361210', b'1', 'VKU'),
('tramdd.22it@vku.udn.vn', 'Vkuudn2022', 'Đặng Đức Trâm', '02299127331', b'1', 'VKU'),
('tramdk.22git@vku.udn.vn', 'Vkuudn2022', 'Đỗ Khiêm Trâm', '09499999073', b'1', 'VKU'),
('tramhh.22it@vku.udn.vn', 'Vkuudn2022', 'Huỳnh Hoa Trâm', '03819448046', b'1', 'VKU'),
('tramlt.22gba@vku.udn.vn', 'Vkuudn2022', 'Lý Tấn Trâm', '06164510074', b'1', 'VKU'),
('tramlt.22it@vku.udn.vn', 'Vkuudn2022', 'Lý Toàn Trâm', '09101195183', b'1', 'VKU'),
('tramnt.22it@vku.udn.vn', 'Vkuudn2022', 'Ngô Thy Trâm', '06137072478', b'1', 'VKU'),
('tramph.22it@vku.udn.vn', 'Vkuudn2022', 'Phạm Hiếu Trâm', '04461011300', b'1', 'VKU'),
('tramt.22it@vku.udn.vn', 'Vkuudn2022', 'Tường Trâm', '07483770779', b'1', 'VKU'),
('tramvl.22it@vku.udn.vn', 'Vkuudn2022', 'Vũ Lâm Trâm', '09688306326', b'1', 'VKU'),
('tramvq.22it@vku.udn.vn', 'Vkuudn2022', 'Vũ Quân Trâm', '07864173987', b'1', 'VKU'),
('trana.22ba@vku.udn.vn', 'Vkuudn2022', 'Anh Trân', '08051563278', b'1', 'VKU'),
('trandn.22git@vku.udn.vn', 'Vkuudn2022', 'Đỗ Nhựt Trân', '07875941984', b'1', 'VKU'),
('tranghc@smp.udn.vn', 'Smpudn2022', 'Huỳnh Chi Trang', '03149927959', b'1', 'SMP'),
('tranght.22it@vku.udn.vn', 'Vkuudn2022', 'Hồ Tú Trang', '05427024724', b'1', 'VKU'),
('trangvb.22it@vku.udn.vn', 'Vkuudn2022', 'Vũ Băng Trang', '07702697738', b'1', 'VKU'),
('trangvk.22it@vku.udn.vn', 'Vkuudn2022', 'Võ Kha Trang', '07426203695', b'1', 'VKU'),
('tranlh.22ba@vku.udn.vn', 'Vkuudn2022', 'Lê Hiếu Trân', '05981426649', b'1', 'VKU'),
('tranlk.22it@vku.udn.vn', 'Vkuudn2022', 'Lý Khanh Trân', '03907895673', b'1', 'VKU'),
('tranlt.22it@vku.udn.vn', 'Vkuudn2022', 'Lý Tín Trân', '03052907606', b'1', 'VKU'),
('trannk.22it@vku.udn.vn', 'Vkuudn2022', 'Ngô Khanh Trân', '01427032905', b'1', 'VKU'),
('trannt.22gba@vku.udn.vn', 'Vkuudn2022', 'Ngô Tấn Trân', '01901258888', b'1', 'VKU'),
('trannt.22it@vku.udn.vn', 'Vkuudn2022', 'Nguyễn Tú Trân', '08212181259', b'1', 'VKU'),
('tranvb.22it@vku.udn.vn', 'Vkuudn2022', 'Vũ Bình Trân', '04250011835', b'1', 'VKU'),
('tranvh.22it@vku.udn.vn', 'Vkuudn2022', 'Võ Hồng Trân', '08214914772', b'1', 'VKU'),
('travt.22it@vku.udn.vn', 'Vkuudn2022', 'Võ Thơ Trà', '00681124039', b'1', 'VKU'),
('trid.22ba@vku.udn.vn', 'Vkuudn2022', 'Doanh Trí', '04581653496', b'0', 'VKU'),
('tridq.22it@vku.udn.vn', 'Vkuudn2022', 'Đặng Quyên Trí', '00771832224', b'0', 'VKU'),
('trietbt.22git@vku.udn.vn', 'Vkuudn2022', 'Bùi Trinh Triết', '02453633742', b'0', 'VKU'),
('trietda.22it@vku.udn.vn', 'Vkuudn2022', 'Đỗ Anh Triết', '05607014226', b'0', 'VKU'),
('trietdd.22gba@vku.udn.vn', 'Vkuudn2022', 'Dương Đại Triết', '05830986037', b'0', 'VKU'),
('trietdd.22it@vku.udn.vn', 'Vkuudn2022', 'Dương Danh Triết', '09922023524', b'0', 'VKU'),
('trietdk.22it@vku.udn.vn', 'Vkuudn2022', 'Đỗ Kim Triết', '08728658038', b'0', 'VKU'),
('triethn.22it@vku.udn.vn', 'Vkuudn2022', 'Hồ Nhung Triết', '00723457602', b'0', 'VKU'),
('trietht.22ba@vku.udn.vn', 'Vkuudn2022', 'Huỳnh Thanh Triết', '07770258422', b'0', 'VKU'),
('trietht.22gba@vku.udn.vn', 'Vkuudn2022', 'Huỳnh Tín Triết', '05671612425', b'0', 'VKU'),
('trietld.22ba@vku.udn.vn', 'Vkuudn2022', 'Lý Duy Triết', '09150641678', b'0', 'VKU'),
('trietlh.22it@vku.udn.vn', 'Vkuudn2022', 'Lê Hùng Triết', '08297268123', b'0', 'VKU'),
('trietlq.22it@vku.udn.vn', 'Vkuudn2022', 'Lý Quỳnh Triết', '00465071832', b'0', 'VKU'),
('trih.22it@vku.udn.vn', 'Vkuudn2022', 'Hạnh Trí', '09857207956', b'0', 'VKU'),
('trihl.22it@vku.udn.vn', 'Vkuudn2022', 'Hồ Ly Trí', '01265332407', b'0', 'VKU'),
('trihm.22it@vku.udn.vn', 'Vkuudn2022', 'Huỳnh Mi Trí', '08581462886', b'0', 'VKU'),
('triht.22git@vku.udn.vn', 'Vkuudn2022', 'Hoàng Thảo Trí', '08272249670', b'0', 'VKU'),
('triht.22it@vku.udn.vn', 'Vkuudn2022', 'Hoàng Thắng Trí', '06450994671', b'0', 'VKU'),
('trinhdh.22it@vku.udn.vn', 'Vkuudn2022', 'Đặng Huyền Trinh', '05610074732', b'1', 'VKU'),
('trinhhm.22gba@vku.udn.vn', 'Vkuudn2022', 'Huỳnh Mi Trinh', '07133743495', b'1', 'VKU'),
('trinhhy.22git@vku.udn.vn', 'Vkuudn2022', 'Hoàng Yến Trinh', '08868009636', b'1', 'VKU'),
('trinhlc.22it@vku.udn.vn', 'Vkuudn2022', 'Lê Châu Trinh', '01532803893', b'1', 'VKU'),
('trinhlk.22git@vku.udn.vn', 'Vkuudn2022', 'Lý Khánh Trinh', '02304325946', b'1', 'VKU'),
('trinhnk.22gba@vku.udn.vn', 'Vkuudn2022', 'Nguyễn Khoa Trinh', '07780536203', b'1', 'VKU'),
('trinhnk.22it@vku.udn.vn', 'Vkuudn2022', 'Ngô Khải Trinh', '04889608044', b'1', 'VKU'),
('trinhvn@smp.udn.vn', 'Smpudn2022', 'Võ Nghĩa Trinh', '02528707545', b'1', 'SMP'),
('tris.22gba@vku.udn.vn', 'Vkuudn2022', 'Sang Trí', '04697168464', b'0', 'VKU'),
('tritd.22ba@vku.udn.vn', 'Vkuudn2022', 'Trần Dũng Trí', '06725399579', b'0', 'VKU'),
('tritt.22it@vku.udn.vn', 'Vkuudn2022', 'Trần Thiện Trí', '08439005117', b'0', 'VKU'),
('trivt.22it@vku.udn.vn', 'Vkuudn2022', 'Vũ Thùy Trí', '02543546977', b'0', 'VKU'),
('trongdm.22it@vku.udn.vn', 'Vkuudn2022', 'Đỗ Mi Trọng', '03979309176', b'0', 'VKU'),
('trongdq.22git@vku.udn.vn', 'Vkuudn2022', 'Dương Quý Trọng', '01824980916', b'0', 'VKU'),
('tronglb.22it@vku.udn.vn', 'Vkuudn2022', 'Lý Bích Trọng', '07606270256', b'0', 'VKU'),
('trongln.22gba@vku.udn.vn', 'Vkuudn2022', 'Lý Nga Trọng', '02636822048', b'0', 'VKU'),
('trongvp.22it@vku.udn.vn', 'Vkuudn2022', 'Vũ Phương Trọng', '04763829794', b'0', 'VKU'),
('truchn.22it@vku.udn.vn', 'Vkuudn2022', 'Huỳnh Ngân Trúc', '07882837390', b'1', 'VKU'),
('trucpd.22it@vku.udn.vn', 'Vkuudn2022', 'Phạm Dũng Trúc', '07234853798', b'1', 'VKU'),
('trucvl.22ba@vku.udn.vn', 'Vkuudn2022', 'Võ Lộc Trúc', '00372983130', b'1', 'VKU'),
('trucvn@smp.udn.vn', 'Smpudn2022', 'Vũ Nguyệt Trúc', '05159981303', b'1', 'SMP'),
('trungbt@smp.udn.vn', 'Smpudn2022', 'Bùi Thanh Trung', '07109975852', b'0', 'SMP'),
('trungdp.22it@vku.udn.vn', 'Vkuudn2022', 'Dương Phú Trung', '00479185243', b'0', 'VKU'),
('trungdt.22it@vku.udn.vn', 'Vkuudn2022', 'Dương Trân Trung', '06667291307', b'0', 'VKU'),
('trunglk.22it@vku.udn.vn', 'Vkuudn2022', 'Lê Khải Trung', '03920113456', b'0', 'VKU'),
('trungnd.22it@vku.udn.vn', 'Vkuudn2022', 'Ngô Đào Trung', '02743894084', b'0', 'VKU'),
('trungvd.22it@vku.udn.vn', 'Vkuudn2022', 'Võ Đăng Trung', '07677650472', b'0', 'VKU'),
('truongbt.22gba@vku.udn.vn', 'Vkuudn2022', 'Bùi Trang Trường', '07390889423', b'0', 'VKU'),
('truongdn.22it@vku.udn.vn', 'Vkuudn2022', 'Đặng Nhã Trường', '07882542885', b'0', 'VKU'),
('truongdv.22it@vku.udn.vn', 'Vkuudn2022', 'Đặng Việt Trường', '00320035507', b'0', 'VKU'),
('truongpb.22it@vku.udn.vn', 'Vkuudn2022', 'Phan Bách Trường', '08752874590', b'0', 'VKU'),
('truongpt.22it@vku.udn.vn', 'Vkuudn2022', 'Phan Thắng Trường', '06445491778', b'0', 'VKU'),
('truongvq@smp.udn.vn', 'Smpudn2022', 'Vũ Quang Trường', '05282070830', b'0', 'SMP'),
('truongvt.22it@vku.udn.vn', 'Vkuudn2022', 'Vũ Thiên Trường', '02088683572', b'0', 'VKU'),
('tuanbt.22it@vku.udn.vn', 'Vkuudn2022', 'Bùi Trân Tuấn', '01037651135', b'0', 'VKU'),
('tuandc.22git@vku.udn.vn', 'Vkuudn2022', 'Đỗ Cường Tuấn', '04055292250', b'0', 'VKU'),
('tuanhl.22it@vku.udn.vn', 'Vkuudn2022', 'Hồ Long Tuấn', '06297110173', b'0', 'VKU'),
('tuanht.22git@vku.udn.vn', 'Vkuudn2022', 'Huỳnh Tuyền Tuấn', '04462088147', b'0', 'VKU'),
('tuannb.22it@vku.udn.vn', 'Vkuudn2022', 'Ngô Bình Tuấn', '03287445165', b'0', 'VKU'),
('tuannl.22it@vku.udn.vn', 'Vkuudn2022', 'Ngô Ly Tuấn', '05972383189', b'0', 'VKU'),
('tuannp.22ba@vku.udn.vn', 'Vkuudn2022', 'Ngô Phương Tuấn', '08784110582', b'0', 'VKU'),
('tuannt.22git@vku.udn.vn', 'Vkuudn2022', 'Nguyễn Trinh Tuấn', '03919190198', b'0', 'VKU'),
('tuantd.22it@vku.udn.vn', 'Vkuudn2022', 'Trần Dũng Tuấn', '07523151492', b'0', 'VKU'),
('tudl@smp.udn.vn', 'Smpudn2022', 'Đỗ Ly Tú', '00097988082', b'1', 'SMP'),
('tudt.22it@vku.udn.vn', 'Vkuudn2022', 'Đặng Tài Tú', '00034734846', b'1', 'VKU'),
('tuedb.22it@vku.udn.vn', 'Vkuudn2022', 'Dương Bình Tuệ', '00234266928', b'1', 'VKU'),
('tueha@smp.udn.vn', 'Smpudn2022', 'Huỳnh Anh Tuệ', '03612176894', b'1', 'SMP'),
('tuehn.22ba@vku.udn.vn', 'Vkuudn2022', 'Hồ Nguyệt Tuệ', '01501427537', b'1', 'VKU'),
('tueht.22it@vku.udn.vn', 'Vkuudn2022', 'Huỳnh Thiên Tuệ', '02940613719', b'1', 'VKU'),
('tuenk.22ba@vku.udn.vn', 'Vkuudn2022', 'Ngô Kiều Tuệ', '03503553307', b'1', 'VKU'),
('tuenk.22gba@vku.udn.vn', 'Vkuudn2022', 'Ngô Kim Tuệ', '02050796081', b'1', 'VKU'),
('tuenk.22it@vku.udn.vn', 'Vkuudn2022', 'Ngô Khanh Tuệ', '00512510436', b'1', 'VKU'),
('tuepd.22git@vku.udn.vn', 'Vkuudn2022', 'Phan Dương Tuệ', '09730559813', b'1', 'VKU'),
('tuetc.22git@vku.udn.vn', 'Vkuudn2022', 'Trần Châu Tuệ', '02720718996', b'1', 'VKU'),
('tuett.22it@vku.udn.vn', 'Vkuudn2022', 'Trần Tiên Tuệ', '07764829664', b'1', 'VKU'),
('tuevt.22it@vku.udn.vn', 'Vkuudn2022', 'Võ Thuận Tuệ', '09352273645', b'1', 'VKU'),
('tuhd.22it@vku.udn.vn', 'Vkuudn2022', 'Huỳnh Diệu Tú', '02429872448', b'1', 'VKU'),
('tuhh.22gba@vku.udn.vn', 'Vkuudn2022', 'Huỳnh Hiếu Tú', '03036856375', b'1', 'VKU'),
('tuhl.22gba@vku.udn.vn', 'Vkuudn2022', 'Huỳnh Lan Tú', '05190476038', b'1', 'VKU'),
('tulh.22ba@vku.udn.vn', 'Vkuudn2022', 'Lê Hiếu Tú', '00103841278', b'1', 'VKU'),
('tult.22gba@vku.udn.vn', 'Vkuudn2022', 'Lý Thơ Tú', '01035131598', b'1', 'VKU'),
('tult@smp.udn.vn', 'Smpudn2022', 'Lý Trân Tú', '06027015429', b'1', 'SMP'),
('tungba.22it@vku.udn.vn', 'Vkuudn2022', 'Bùi Anh Tùng', '07709526037', b'0', 'VKU'),
('tungbc@smp.udn.vn', 'Smpudn2022', 'Bùi Công Tùng', '05703969905', b'0', 'SMP'),
('tungbd.22git@vku.udn.vn', 'Vkuudn2022', 'Bùi Duy Tùng', '08961161762', b'0', 'VKU'),
('tungdc.22it@vku.udn.vn', 'Vkuudn2022', 'Đặng Cường Tùng', '05020108022', b'0', 'VKU'),
('tungdd@smp.udn.vn', 'Smpudn2022', 'Dương Đạt Tùng', '04613590389', b'0', 'SMP'),
('tungdl.22git@vku.udn.vn', 'Vkuudn2022', 'Dương Ly Tùng', '08465594002', b'0', 'VKU'),
('tungdt.22git@vku.udn.vn', 'Vkuudn2022', 'Dương Thịnh Tùng', '08321179606', b'0', 'VKU'),
('tunghp.22it@vku.udn.vn', 'Vkuudn2022', 'Huỳnh Phúc Tùng', '03513798212', b'0', 'VKU'),
('tunglb@smp.udn.vn', 'Smpudn2022', 'Lê Bảo Tùng', '09547417533', b'0', 'SMP'),
('tungld.22it@vku.udn.vn', 'Vkuudn2022', 'Lý Danh Tùng', '08024693037', b'0', 'VKU'),
('tungph.22it@vku.udn.vn', 'Vkuudn2022', 'Phạm Hà Tùng', '01780215267', b'0', 'VKU'),
('tuno.22it@vku.udn.vn', 'Vkuudn2022', 'Ngô Oanh Tú', '00593525391', b'1', 'VKU'),
('tunq.22it@vku.udn.vn', 'Vkuudn2022', 'Nguyễn Quỳnh Tú', '02043175344', b'1', 'VKU'),
('tuongbg.22it@vku.udn.vn', 'Vkuudn2022', 'Bùi Giang Tường', '05704193050', b'1', 'VKU'),
('tuongdh@smp.udn.vn', 'Smpudn2022', 'Đặng Hằng Tường', '08889240005', b'1', 'SMP'),
('tuongdl.22it@vku.udn.vn', 'Vkuudn2022', 'Đỗ Linh Tường', '03681474999', b'1', 'VKU'),
('tuonght.22ba@vku.udn.vn', 'Vkuudn2022', 'Hồ Tiên Tường', '01646973430', b'1', 'VKU'),
('tuongla.22ba@vku.udn.vn', 'Vkuudn2022', 'Lý An Tường', '03082069252', b'1', 'VKU'),
('tuongln.22it@vku.udn.vn', 'Vkuudn2022', 'Lê Nhàn Tường', '01683492597', b'1', 'VKU'),
('tuongnt.22ba@vku.udn.vn', 'Vkuudn2022', 'Ngô Thịnh Tường', '06212183934', b'1', 'VKU'),
('tuongnt@smp.udn.vn', 'Smpudn2022', 'Nguyễn Thành Tường', '06685516051', b'1', 'SMP'),
('tuongvq.22it@vku.udn.vn', 'Vkuudn2022', 'Vũ Quân Tường', '09506103660', b'1', 'VKU'),
('tuongvs.22it@vku.udn.vn', 'Vkuudn2022', 'Võ Sang Tường', '05330713736', b'1', 'VKU'),
('tupd.22it@vku.udn.vn', 'Vkuudn2022', 'Phan Đạt Tú', '04705959791', b'1', 'VKU'),
('tupt.22it@vku.udn.vn', 'Vkuudn2022', 'Phạm Thị Tú', '07576955474', b'1', 'VKU'),
('tutn.22it@vku.udn.vn', 'Vkuudn2022', 'Trần Nguyên Tú', '06598608830', b'1', 'VKU'),
('tuvd.22it@vku.udn.vn', 'Vkuudn2022', 'Vũ Đan Tú', '01068105302', b'1', 'VKU'),
('tuvk.22ba@vku.udn.vn', 'Vkuudn2022', 'Vũ Kiều Tú', '04129136735', b'1', 'VKU'),
('tuvt.22ba@vku.udn.vn', 'Vkuudn2022', 'Vũ Tấn Tú', '05383438685', b'1', 'VKU'),
('tuvt.22it@vku.udn.vn', 'Vkuudn2022', 'Võ Thành Tú', '02995972999', b'1', 'VKU'),
('tuyendn.22it@vku.udn.vn', 'Vkuudn2022', 'Đặng Nhung Tuyền', '01971221643', b'1', 'VKU'),
('tuyenpb.22it@vku.udn.vn', 'Vkuudn2022', 'Phan Bảo Tuyền', '06812525248', b'1', 'VKU'),
('tuyetdn.22git@vku.udn.vn', 'Vkuudn2022', 'Đỗ Nhàn Tuyết', '05696667856', b'1', 'VKU'),
('tuyethp.22it@vku.udn.vn', 'Vkuudn2022', 'Huỳnh Phước Tuyết', '01561476864', b'1', 'VKU'),
('tuyetu.22gba@vku.udn.vn', 'Vkuudn2022', 'Uyên Tuyết', '01955313179', b'1', 'VKU'),
('uyenh.22it@vku.udn.vn', 'Vkuudn2022', 'Hải Uyên', '04522648613', b'1', 'VKU'),
('uyenlk.22it@vku.udn.vn', 'Vkuudn2022', 'Lê Khánh Uyên', '05270253898', b'1', 'VKU'),
('uyenpm.22ba@vku.udn.vn', 'Vkuudn2022', 'Phan Minh Uyên', '02390784842', b'1', 'VKU'),
('va.22gba@vku.udn.vn', 'Vkuudn2022', 'Võ Ánh ', '00940484409', b'1', 'VKU'),
('vandh.22gba@vku.udn.vn', 'Vkuudn2022', 'Dương Hằng Vân', '00099783440', b'1', 'VKU'),
('vandh.22it@vku.udn.vn', 'Vkuudn2022', 'Đặng Hiệp Văn', '09292139386', b'1', 'VKU'),
('vandp.22ba@vku.udn.vn', 'Vkuudn2022', 'Đặng Phát Văn', '06257356373', b'1', 'VKU'),
('vandt.22gba@vku.udn.vn', 'Vkuudn2022', 'Đỗ Thiên Văn', '02298577421', b'1', 'VKU'),
('vanha.22it@vku.udn.vn', 'Vkuudn2022', 'Huỳnh Ân Vân', '00709290218', b'1', 'VKU'),
('vanhh.22it@vku.udn.vn', 'Vkuudn2022', 'Hoàng Hiển Vân', '06718635960', b'1', 'VKU'),
('vanhp.22ba@vku.udn.vn', 'Vkuudn2022', 'Hồ Phước Vân', '05276964240', b'1', 'VKU'),
('vanhs.22it@vku.udn.vn', 'Vkuudn2022', 'Hồ Sơn Vân', '09111575290', b'1', 'VKU'),
('vanht.22gba@vku.udn.vn', 'Vkuudn2022', 'Huỳnh Thương Văn', '06661681939', b'1', 'VKU'),
('vanht@smp.udn.vn', 'Smpudn2022', 'Hoàng Thảo Vân', '06387943709', b'1', 'SMP'),
('vannh.22it@vku.udn.vn', 'Vkuudn2022', 'Ngô Hiếu Vân', '09940816999', b'1', 'VKU'),
('vanvd.22ba@vku.udn.vn', 'Vkuudn2022', 'Vũ Đăng Văn', '05853814278', b'1', 'VKU'),
('vanvt.22it@vku.udn.vn', 'Vkuudn2022', 'Võ Tiến Vân', '01646038000', b'1', 'VKU'),
('vh.22it@vku.udn.vn', 'Vkuudn2022', 'Võ Hiếu ', '00456032423', b'1', 'VKU'),
('vietdt.22it@vku.udn.vn', 'Vkuudn2022', 'Đặng Trung Việt', '01533956748', b'0', 'VKU'),
('viethd.22ba@vku.udn.vn', 'Vkuudn2022', 'Huỳnh Diệp Việt', '01614265328', b'0', 'VKU'),
('viethd.22git@vku.udn.vn', 'Vkuudn2022', 'Hồ Đăng Việt', '04773812819', b'0', 'VKU'),
('viethp.22it@vku.udn.vn', 'Vkuudn2022', 'Huỳnh Phong Việt', '03150148753', b'0', 'VKU'),
('vietlh.22it@vku.udn.vn', 'Vkuudn2022', 'Lý Hiếu Việt', '04383692709', b'0', 'VKU'),
('vihk.22gba@vku.udn.vn', 'Vkuudn2022', 'Hồ Khoa Vi', '03373182349', b'1', 'VKU'),
('viht@smp.udn.vn', 'Smpudn2022', 'Hoàng Tuyền Vi', '09062492796', b'1', 'SMP'),
('vilb.22git@vku.udn.vn', 'Vkuudn2022', 'Lê Bình Vi', '07663008696', b'1', 'VKU'),
('vilh.22it@vku.udn.vn', 'Vkuudn2022', 'Lý Huyền Vi', '08839047934', b'1', 'VKU'),
('vind.22it@vku.udn.vn', 'Vkuudn2022', 'Ngô Đăng Vi', '06047977029', b'1', 'VKU'),
('ving.22it@vku.udn.vn', 'Vkuudn2022', 'Ngô Giang Vĩ', '08329633159', b'1', 'VKU'),
('vinhda.22it@vku.udn.vn', 'Vkuudn2022', 'Đỗ Ân Vinh', '09880437746', b'0', 'VKU'),
('vinhdh.22it@vku.udn.vn', 'Vkuudn2022', 'Đặng Huy Vinh', '08732475378', b'0', 'VKU'),
('vinhdt.22it@vku.udn.vn', 'Vkuudn2022', 'Đỗ Thiên Vinh', '08735048561', b'0', 'VKU'),
('vinhhd.22it@vku.udn.vn', 'Vkuudn2022', 'Hồ Duyên Vinh', '03467063903', b'0', 'VKU'),
('vinhhh.22it@vku.udn.vn', 'Vkuudn2022', 'Hồ Hưng Vinh', '02979119580', b'0', 'VKU'),
('vinhlt.22git@vku.udn.vn', 'Vkuudn2022', 'Lê Tùng Vinh', '01672977118', b'0', 'VKU'),
('vinhlt.22it@vku.udn.vn', 'Vkuudn2022', 'Lê Thanh Vinh', '01736784721', b'0', 'VKU'),
('vinhvq.22it@vku.udn.vn', 'Vkuudn2022', 'Võ Quyên Vinh', '03372022571', b'0', 'VKU'),
('vipv.22it@vku.udn.vn', 'Vkuudn2022', 'Phạm Vương Vĩ', '04217037288', b'1', 'VKU'),
('vipv@smp.udn.vn', 'Smpudn2022', 'Phạm Văn Vi', '06695110469', b'1', 'SMP'),
('vit@smp.udn.vn', 'Smpudn2022', 'Thanh Vĩ', '07603285766', b'1', 'SMP'),
('vivd.22it@vku.udn.vn', 'Vkuudn2022', 'Võ Đăng Vĩ', '08211631241', b'1', 'VKU'),
('vp.22it@vku.udn.vn', 'Vkuudn2022', 'Võ Phương ', '02239046042', b'1', 'VKU'),
('vudt@smp.udn.vn', 'Smpudn2022', 'Đặng Tâm Vũ', '06326966968', b'0', 'SMP'),
('vunt@smp.udn.vn', 'Smpudn2022', 'Ngô Triết Vũ', '01509999166', b'0', 'SMP'),
('vuongbm.22it@vku.udn.vn', 'Vkuudn2022', 'Bùi Mi Vương', '09255215813', b'0', 'VKU'),
('vuongbv.22it@vku.udn.vn', 'Vkuudn2022', 'Bùi Vũ Vương', '04824943914', b'0', 'VKU'),
('vuonghh.22it@vku.udn.vn', 'Vkuudn2022', 'Hoàng Hồng Vương', '05734692836', b'0', 'VKU'),
('vuonghv.22gba@vku.udn.vn', 'Vkuudn2022', 'Hồ Vũ Vương', '07408995588', b'0', 'VKU'),
('vuongph.22it@vku.udn.vn', 'Vkuudn2022', 'Phạm Hồng Vương', '01364374209', b'0', 'VKU'),
('vuongpk.22gba@vku.udn.vn', 'Vkuudn2022', 'Phan Khanh Vương', '01611157947', b'0', 'VKU'),
('vuongq.22it@vku.udn.vn', 'Vkuudn2022', 'Quyên Vương', '06170368580', b'0', 'VKU'),
('vuvk@smp.udn.vn', 'Smpudn2022', 'Võ Khánh Vũ', '06201714095', b'0', 'SMP'),
('vuvt@smp.udn.vn', 'Smpudn2022', 'Võ Thị Vũ', '07770668346', b'0', 'SMP'),
('vybk.22gba@vku.udn.vn', 'Vkuudn2022', 'Bùi Kiên Vy', '09559507235', b'1', 'VKU'),
('vybk.22git@vku.udn.vn', 'Vkuudn2022', 'Bùi Kha Vy', '00521965611', b'1', 'VKU'),
('vybt.22it@vku.udn.vn', 'Vkuudn2022', 'Bùi Thư Vỹ', '09122251156', b'1', 'VKU'),
('vydn.22it@vku.udn.vn', 'Vkuudn2022', 'Đỗ Nhiên Vỹ', '03753862438', b'1', 'VKU'),
('vydt.22gba@vku.udn.vn', 'Vkuudn2022', 'Đặng Toàn Vy', '01887811720', b'1', 'VKU'),
('vyh.22ba@vku.udn.vn', 'Vkuudn2022', 'Hoàng Vy', '00789378053', b'1', 'VKU'),
('vyhd.22git@vku.udn.vn', 'Vkuudn2022', 'Huỳnh Đông Vỹ', '01294939990', b'1', 'VKU'),
('vyhl.22it@vku.udn.vn', 'Vkuudn2022', 'Huỳnh Lộc Vy', '05436344554', b'1', 'VKU'),
('vyht.22ba@vku.udn.vn', 'Vkuudn2022', 'Huỳnh Thúy Vỹ', '08023620119', b'1', 'VKU'),
('vyht.22it@vku.udn.vn', 'Vkuudn2022', 'Hồ Trâm Vỹ', '06144733238', b'1', 'VKU'),
('vyhv.22ba@vku.udn.vn', 'Vkuudn2022', 'Hồ Vĩ Vy', '06919573695', b'1', 'VKU'),
('vylk.22git@vku.udn.vn', 'Vkuudn2022', 'Lê Khuê Vy', '06431561383', b'1', 'VKU'),
('vyll.22git@vku.udn.vn', 'Vkuudn2022', 'Lê Long Vỹ', '00150529645', b'1', 'VKU'),
('vylm.22it@vku.udn.vn', 'Vkuudn2022', 'Lý Mai Vỹ', '02485070581', b'1', 'VKU'),
('vynb@smp.udn.vn', 'Smpudn2022', 'Ngô Bách Vy', '08120488602', b'1', 'SMP'),
('vynh.22it@vku.udn.vn', 'Vkuudn2022', 'Ngô Hiếu Vỹ', '09812045442', b'1', 'VKU'),
('vynn.22ba@vku.udn.vn', 'Vkuudn2022', 'Ngô Ngân Vy', '08269635707', b'1', 'VKU'),
('vyvd@smp.udn.vn', 'Smpudn2022', 'Vũ Di Vỹ', '03210638798', b'1', 'SMP'),
('xuandn.22it@vku.udn.vn', 'Vkuudn2022', 'Đặng Nhi Xuân', '04528010540', b'1', 'VKU'),
('xuanhd.22it@vku.udn.vn', 'Vkuudn2022', 'Hồ Đông Xuân', '01770258016', b'1', 'VKU'),
('xuanhu.22it@vku.udn.vn', 'Vkuudn2022', 'Huỳnh Uyên Xuân', '03216511742', b'1', 'VKU'),
('xuanpd.22ba@vku.udn.vn', 'Vkuudn2022', 'Phạm Đông Xuân', '05907092298', b'1', 'VKU'),
('xuanpn.22git@vku.udn.vn', 'Vkuudn2022', 'Phạm Ngọc Xuân', '06737925915', b'1', 'VKU'),
('xuanpt.22it@vku.udn.vn', 'Vkuudn2022', 'Phan Trang Xuân', '04131372600', b'1', 'VKU'),
('xuant.22it@vku.udn.vn', 'Vkuudn2022', 'Thông Xuân', '01245916230', b'1', 'VKU'),
('xuanv.22git@vku.udn.vn', 'Vkuudn2022', 'Vũ  Xuân', '09314912733', b'1', 'VKU'),
('xuanvh.22it@vku.udn.vn', 'Vkuudn2022', 'Vũ Hưng Xuân', '04916530608', b'1', 'VKU'),
('xuanvn.22git@vku.udn.vn', 'Vkuudn2022', 'Vũ Ngân Xuân', '01601612180', b'1', 'VKU'),
('ybl.22git@vku.udn.vn', 'Vkuudn2022', 'Bùi Lâm Ý', '09524046204', b'1', 'VKU'),
('ydh.22it@vku.udn.vn', 'Vkuudn2022', 'Đỗ Huyền Ý', '09933601485', b'1', 'VKU'),
('yenhp.22it@vku.udn.vn', 'Vkuudn2022', 'Huỳnh Phước Yến', '08411884400', b'1', 'VKU'),
('yenl.22ba@vku.udn.vn', 'Vkuudn2022', 'Loan Yến', '00301278740', b'1', 'VKU'),
('yenln.22git@vku.udn.vn', 'Vkuudn2022', 'Lý Nghĩa Yến', '00888934257', b'1', 'VKU'),
('yenpd.22ba@vku.udn.vn', 'Vkuudn2022', 'Phan Duyên Yến', '04786445474', b'1', 'VKU'),
('yenvd.22git@vku.udn.vn', 'Vkuudn2022', 'Vũ Diễm Yến', '00999556073', b'1', 'VKU'),
('yenvp.22it@vku.udn.vn', 'Vkuudn2022', 'Vũ Phượng Yến', '02478327167', b'1', 'VKU'),
('yhk@smp.udn.vn', 'Smpudn2022', 'Hồ Kỳ Ý', '05169768431', b'1', 'SMP'),
('yhv.22git@vku.udn.vn', 'Vkuudn2022', 'Hoàng Vi Ý', '08293254309', b'1', 'VKU'),
('yt@smp.udn.vn', 'Smpudn2022', 'Tuệ Ý', '09118396751', b'1', 'SMP'),
('yvh.22ba@vku.udn.vn', 'Vkuudn2022', 'Võ Hiếu Ý', '08417279409', b'1', 'VKU'),
('yvt@smp.udn.vn', 'Smpudn2022', 'Vũ Thy Ý', '00433265653', b'1', 'SMP');

-- --------------------------------------------------------

--
-- Stand-in structure for view `StudentsIn`
-- (See below for the actual view)
--
CREATE TABLE `StudentsIn` (
`StudentEmail` varchar(100)
,`Name` text
,`PhoneNumber` varchar(11)
,`SchoolName` text
,`RoomNumber` int(11)
,`BuildingName` text
,`Gender` bit(1)
);

-- --------------------------------------------------------

--
-- Stand-in structure for view `StudentsIsIn`
-- (See below for the actual view)
--
CREATE TABLE `StudentsIsIn` (
`StudentEmail` varchar(100)
,`Name` text
,`Gender` bit(1)
,`SchoolName` text
,`IsIn` bigint(21)
);

-- --------------------------------------------------------

--
-- Stand-in structure for view `Waiting`
-- (See below for the actual view)
--
CREATE TABLE `Waiting` (
`StudentEmail` varchar(100)
,`Name` text
,`PhoneNumber` varchar(11)
,`SchoolName` text
,`RoomNumber` int(11)
,`BuildingName` text
);

-- --------------------------------------------------------

--
-- Structure for view `EmptyRoom`
--
DROP TABLE IF EXISTS `EmptyRoom`;

CREATE ALGORITHM=UNDEFINED DEFINER=`root`@`localhost` SQL SECURITY DEFINER VIEW `EmptyRoom`  AS SELECT `Ro`.`RoomNumber` AS `RoomNumber`, `B`.`BuildingID` AS `BuildingID`, `Ro`.`Type`- count(`Re`.`RoomID`) AS `EmptySlot` FROM ((`Rooms` `Ro` left join `InNow` `Re` on(`Ro`.`RoomID` = `Re`.`RoomID`)) left join `Buildings` `B` on(`Ro`.`BuildingID` = `B`.`BuildingID`)) GROUP BY `Ro`.`RoomID``RoomID`  ;

-- --------------------------------------------------------

--
-- Structure for view `InNow`
--
DROP TABLE IF EXISTS `InNow`;

CREATE ALGORITHM=UNDEFINED DEFINER=`root`@`localhost` SQL SECURITY DEFINER VIEW `InNow`  AS SELECT `Registrations`.`Number` AS `Number`, `Registrations`.`StudentEmail` AS `StudentEmail`, `Registrations`.`RoomID` AS `RoomID`, `Registrations`.`Begin` AS `Begin`, `Registrations`.`End` AS `End`, `Registrations`.`AdConfirm` AS `AdConfirm` FROM `Registrations` WHERE `Registrations`.`Begin` < curdate() AND `Registrations`.`End` > curdate()  ;

-- --------------------------------------------------------

--
-- Structure for view `RoomList`
--
DROP TABLE IF EXISTS `RoomList`;

CREATE ALGORITHM=UNDEFINED DEFINER=`root`@`localhost` SQL SECURITY DEFINER VIEW `RoomList`  AS SELECT `Ro`.`RoomNumber` AS `RoomNumber`, `Ro`.`Type` AS `Type`, `Ro`.`Gender` AS `Gender`, `B`.`Name` AS `Name`, `Ro`.`Type`- count(`Re`.`StudentEmail`) AS `EmptySlot`, `B`.`BuildingID` AS `BuildingID` FROM ((`Rooms` `Ro` join `Buildings` `B` on(`Ro`.`BuildingID` = `B`.`BuildingID`)) left join `Registrations` `Re` on(`Ro`.`RoomID` = `Re`.`RoomID`)) WHERE 1 GROUP BY `Ro`.`RoomID` ORDER BY `Ro`.`Type`- count(`Re`.`StudentEmail`) ASC  ;

-- --------------------------------------------------------

--
-- Structure for view `StudentsIn`
--
DROP TABLE IF EXISTS `StudentsIn`;

CREATE ALGORITHM=UNDEFINED DEFINER=`root`@`localhost` SQL SECURITY DEFINER VIEW `StudentsIn`  AS SELECT `S`.`StudentEmail` AS `StudentEmail`, `S`.`Name` AS `Name`, `S`.`PhoneNumber` AS `PhoneNumber`, `SC`.`SchoolName` AS `SchoolName`, `R`.`RoomNumber` AS `RoomNumber`, `B`.`Name` AS `BuildingName`, `S`.`Gender` AS `Gender` FROM ((((`Students` `S` join `Registrations` `Re` on(`S`.`StudentEmail` = `Re`.`StudentEmail`)) join `Schools` `SC` on(`SC`.`SchoolID` = `S`.`SchoolID`)) join `Rooms` `R` on(`Re`.`RoomID` = `R`.`RoomID`)) join `Buildings` `B` on(`R`.`BuildingID` = `B`.`BuildingID`)) WHERE `Re`.`End` > curdate() AND `Re`.`AdConfirm` <> 00  ;

-- --------------------------------------------------------

--
-- Structure for view `StudentsIsIn`
--
DROP TABLE IF EXISTS `StudentsIsIn`;

CREATE ALGORITHM=UNDEFINED DEFINER=`root`@`localhost` SQL SECURITY DEFINER VIEW `StudentsIsIn`  AS SELECT `S`.`StudentEmail` AS `StudentEmail`, `S`.`Name` AS `Name`, `S`.`Gender` AS `Gender`, `So`.`SchoolName` AS `SchoolName`, count(`SI`.`StudentEmail`) AS `IsIn` FROM ((`Students` `S` join `Schools` `So` on(`S`.`SchoolID` = `So`.`SchoolID`)) left join `StudentsIn` `SI` on(`S`.`StudentEmail` = `SI`.`StudentEmail`)) GROUP BY `S`.`StudentEmail``StudentEmail`  ;

-- --------------------------------------------------------

--
-- Structure for view `Waiting`
--
DROP TABLE IF EXISTS `Waiting`;

CREATE ALGORITHM=UNDEFINED DEFINER=`root`@`localhost` SQL SECURITY DEFINER VIEW `Waiting`  AS SELECT `S`.`StudentEmail` AS `StudentEmail`, `S`.`Name` AS `Name`, `S`.`PhoneNumber` AS `PhoneNumber`, `SC`.`SchoolName` AS `SchoolName`, `R`.`RoomNumber` AS `RoomNumber`, `B`.`Name` AS `BuildingName` FROM ((((`Students` `S` join `Registrations` `Re` on(`S`.`StudentEmail` = `Re`.`StudentEmail`)) join `Schools` `SC` on(`SC`.`SchoolID` = `S`.`SchoolID`)) join `Rooms` `R` on(`Re`.`RoomID` = `R`.`RoomID`)) join `Buildings` `B` on(`R`.`BuildingID` = `B`.`BuildingID`)) WHERE `Re`.`End` > curdate() AND `Re`.`AdConfirm` = 00  ;

--
-- Indexes for dumped tables
--

--
-- Indexes for table `Administrators`
--
ALTER TABLE `Administrators`
  ADD PRIMARY KEY (`Username`);

--
-- Indexes for table `Buildings`
--
ALTER TABLE `Buildings`
  ADD PRIMARY KEY (`BuildingID`);

--
-- Indexes for table `Registrations`
--
ALTER TABLE `Registrations`
  ADD PRIMARY KEY (`Number`),
  ADD KEY `RoomID` (`RoomID`),
  ADD KEY `StudentID` (`StudentEmail`);

--
-- Indexes for table `Rooms`
--
ALTER TABLE `Rooms`
  ADD PRIMARY KEY (`RoomID`),
  ADD KEY `BuildingID` (`BuildingID`);

--
-- Indexes for table `Schools`
--
ALTER TABLE `Schools`
  ADD PRIMARY KEY (`SchoolID`);

--
-- Indexes for table `Students`
--
ALTER TABLE `Students`
  ADD PRIMARY KEY (`StudentEmail`),
  ADD KEY `SchoolID` (`SchoolID`);

--
-- AUTO_INCREMENT for dumped tables
--

--
-- AUTO_INCREMENT for table `Registrations`
--
ALTER TABLE `Registrations`
  MODIFY `Number` int(11) NOT NULL AUTO_INCREMENT, AUTO_INCREMENT=9;

--
-- AUTO_INCREMENT for table `Rooms`
--
ALTER TABLE `Rooms`
  MODIFY `RoomID` int(11) NOT NULL AUTO_INCREMENT, AUTO_INCREMENT=445;

--
-- Constraints for dumped tables
--

--
-- Constraints for table `Registrations`
--
ALTER TABLE `Registrations`
  ADD CONSTRAINT `Registrations_ibfk_1` FOREIGN KEY (`StudentEmail`) REFERENCES `Students` (`StudentEmail`) ON DELETE CASCADE ON UPDATE CASCADE,
  ADD CONSTRAINT `Registrations_ibfk_2` FOREIGN KEY (`RoomID`) REFERENCES `Rooms` (`RoomID`) ON DELETE CASCADE ON UPDATE CASCADE;

--
-- Constraints for table `Rooms`
--
ALTER TABLE `Rooms`
  ADD CONSTRAINT `Rooms_ibfk_1` FOREIGN KEY (`BuildingID`) REFERENCES `Buildings` (`BuildingID`) ON DELETE CASCADE ON UPDATE CASCADE;

--
-- Constraints for table `Students`
--
ALTER TABLE `Students`
  ADD CONSTRAINT `Students_ibfk_1` FOREIGN KEY (`SchoolID`) REFERENCES `Schools` (`SchoolID`) ON DELETE CASCADE ON UPDATE CASCADE;
COMMIT;

/*!40101 SET CHARACTER_SET_CLIENT=@OLD_CHARACTER_SET_CLIENT */;
/*!40101 SET CHARACTER_SET_RESULTS=@OLD_CHARACTER_SET_RESULTS */;
/*!40101 SET COLLATION_CONNECTION=@OLD_COLLATION_CONNECTION */;
